node_id,cms_entity_name,canonical_rxcui,therapeutic_category,mapping_status,manufacturer_count,single_manufacturer_flag,historical_shortage_count,latest_model_risk_score
NODE_AMOXICILLIN,AMOXICILLIN,723,Unclassified / General,unique,3,0,0,0.0447
NODE_AZITHROMYCIN,AZITHROMYCIN,18631,Anti-Infective,unique,1,1,0,0.1158
NODE_CEPHALEXIN,CEPHALEXIN,2231,Unclassified / General,unique,2,0,0,0.0198
NODE_CIPROFLOXACIN,CIPROFLOXACIN,2551,Unclassified / General,unique,1,1,0,0.0001
NODE_DOXYCYCLINE,DOXYCYCLINE,3640,Anti-Infective,unique,6,0,0,0.9624
NODE_LEVOFLOXACIN,LEVOFLOXACIN,82122,Unclassified / General,unique,1,1,0,0.0001
NODE_CLINDAMYCIN,CLINDAMYCIN,2582,Anti-Infective,unique,7,0,0,0.7172
NODE_METRONIDAZOLE,METRONIDAZOLE,6922,Anti-Infective,unique,8,0,4,0.0479
NODE_NITROFURANTOIN,NITROFURANTOIN,7454,Anti-Infective,unique,1,1,0,0.4457
NODE_FLUCONAZOLE,FLUCONAZOLE,4450,Unclassified / General,unique,5,0,0,0.0009
NODE_ACYCLOVIR,ACYCLOVIR,281,Unclassified / General,unique,7,0,0,0.0027
NODE_VANCOMYCIN,VANCOMYCIN,11124,Anti-Infective,unique,4,0,0,0.9537
NODE_GENTAMICIN,GENTAMICIN,1596450,Unclassified / General,unique,5,0,0,0.0271
NODE_CEFDINIR,CEFDINIR,25037,Unclassified / General,unique,5,0,0,0.0181
NODE_CEFUROXIME,CEFUROXIME,2194,Unclassified / General,unique,4,0,0,0.0059
NODE_AZTREONAM,AZTREONAM,1272,Unclassified / General,unique,6,0,0,0.0157
NODE_PENICILLIN,PENICILLIN,UNMAPPED,Anti-Infective,unmapped,1,1,0,0.0766
NODE_MEROPENEM,MEROPENEM,29561,Unclassified / General,unique,3,0,0,0.002
NODE_TRIMETHOPRIM,TRIMETHOPRIM,10829,Unclassified / General,unique,6,0,0,0.0113
NODE_SULFAMETHOXAZOLE,SULFAMETHOXAZOLE,10180,Unclassified / General,unique,4,0,0,0.002
NODE_VALACYCLOVIR,VALACYCLOVIR,73645,Unclassified / General,unique,6,0,0,0.0075
NODE_VALGANCICLOVIR,VALGANCICLOVIR,275891,Unclassified / General,unique,2,0,0,0.022
NODE_OSELTAMIVIR,OSELTAMIVIR,260101,Antiviral,unique,5,0,0,0.6005
NODE_KETOCONAZOLE,KETOCONAZOLE,6135,Unclassified / General,unique,5,0,0,0.0438
NODE_TERBINAFINE,TERBINAFINE,37801,Unclassified / General,unique,6,0,0,0.0154
NODE_NYSTATIN,NYSTATIN,7597,Unclassified / General,unique,6,0,0,0.0179
NODE_ITRACONAZOLE,ITRACONAZOLE,28031,Anti-Infective,unique,8,0,0,0.9909
NODE_VORICONAZOLE,VORICONAZOLE,121243,Antiviral,unique,4,0,0,0.4195
NODE_CEFTRIAXONE,CEFTRIAXONE,2193,Unclassified / General,unique,2,0,0,0.003
NODE_CEFAZOLIN,CEFAZOLIN,2180,Unclassified / General,unique,8,0,0,0.0114
NODE_CEFEPIME,CEFEPIME,20481,Anti-Infective,unique,3,0,0,0.9795
NODE_AMPICILLIN,AMPICILLIN,733,Anti-Infective,unique,7,0,0,0.9401
NODE_PIPERACILLIN,PIPERACILLIN,8339,Anti-Infective,unique,3,0,0,0.9572
NODE_TAZOBACTAM,TAZOBACTAM,37617,Unclassified / General,unique,5,0,0,0.0081
NODE_ERTAPENEM,ERTAPENEM,325642,Unclassified / General,unique,1,1,0,0.0001
NODE_TOBRAMYCIN,TOBRAMYCIN,10627,Anti-Infective,unique,3,0,0,0.9173
NODE_AMIKACIN,AMIKACIN,641,Unclassified / General,unique,2,0,0,0.007
NODE_MOXIFLOXACIN,MOXIFLOXACIN,139462,Anti-Infective,unique,6,0,0,0.9427
NODE_OFLOXACIN,OFLOXACIN,7623,Unclassified / General,unique,2,0,0,0.0063
NODE_CLARITHROMYCIN,CLARITHROMYCIN,21212,Unclassified / General,unique,1,1,0,0.0001
NODE_ERYTHROMYCIN,ERYTHROMYCIN,4053,Unclassified / General,unique,8,0,0,0.0086
NODE_MINOCYCLINE,MINOCYCLINE,6980,Unclassified / General,unique,7,0,0,0.0134
NODE_TETRACYCLINE,TETRACYCLINE,10395,Unclassified / General,unique,1,1,0,0.0005
NODE_RIFAMPIN,RIFAMPIN,9384,Anti-Infective,unique,5,0,12,0.4316
NODE_ISONIAZID,ISONIAZID,6038,Unclassified / General,unique,1,1,0,0.0
NODE_PYRAZINAMIDE,PYRAZINAMIDE,8987,Unclassified / General,unique,6,0,0,0.016
NODE_ETHAMBUTOL,ETHAMBUTOL,4110,Unclassified / General,unique,5,0,0,0.0133
NODE_DAPSONE,DAPSONE,3108,Dermatology,unique,6,0,0,0.415
NODE_LINEZOLID,LINEZOLID,190376,Unclassified / General,unique,4,0,0,0.0201
NODE_DAPTOMYCIN,DAPTOMYCIN,22299,Anti-Infective,unique,7,0,0,0.9226
NODE_ATORVASTATIN,ATORVASTATIN,83367,Unclassified / General,unique,6,0,0,0.0161
NODE_LISINOPRIL,LISINOPRIL,29046,Unclassified / General,unique,5,0,0,0.0151
NODE_AMLODIPINE,AMLODIPINE,17767,Unclassified / General,unique,2,0,0,0.0364
NODE_LOSARTAN,LOSARTAN,52175,Unclassified / General,unique,2,0,0,0.0287
NODE_METOPROLOL,METOPROLOL,6918,Cardiovascular,unique,5,0,0,0.9667
NODE_CARVEDILOL,CARVEDILOL,20352,Unclassified / General,unique,8,0,0,0.0092
NODE_ROSUVASTATIN,ROSUVASTATIN,301542,Unclassified / General,unique,1,1,0,0.0
NODE_HYDROCHLOROTHIAZIDE,HYDROCHLOROTHIAZIDE,5487,Cardiovascular,unique,5,0,0,0.96
NODE_FUROSEMIDE,FUROSEMIDE,4603,Cardiovascular,unique,4,0,27,0.9671
NODE_APIXABAN,APIXABAN,UNMAPPED,Unclassified / General,unmapped,1,1,0,0.0001
NODE_CLOPIDOGREL,CLOPIDOGREL,32968,Unclassified / General,unique,4,0,0,0.0283
NODE_SIMVASTATIN,SIMVASTATIN,36567,Unclassified / General,unique,1,1,0,0.0001
NODE_PRAVASTATIN,PRAVASTATIN,42463,Unclassified / General,unique,5,0,0,0.0212
NODE_SPIRONOLACTONE,SPIRONOLACTONE,9997,Cardiovascular,unique,5,0,0,0.9031
NODE_VALSARTAN,VALSARTAN,69749,Cardiovascular,unique,4,0,0,0.9812
NODE_DILTIAZEM,DILTIAZEM,3443,Cardiovascular,unique,8,0,0,0.9426
NODE_VERAPAMIL,VERAPAMIL,11170,Cardiovascular,unique,4,0,0,0.8937
NODE_ENALAPRIL,ENALAPRIL,3827,Unclassified / General,unique,2,0,0,0.064
NODE_RAMIPRIL,RAMIPRIL,35296,Unclassified / General,unique,4,0,0,0.0193
NODE_ATENOLOL,ATENOLOL,1202,Unclassified / General,unique,8,0,0,0.0374
NODE_TELMISARTAN,TELMISARTAN,73494,Unclassified / General,unique,5,0,0,0.0221
NODE_RIVAROXABAN,RIVAROXABAN,1114195,Unclassified / General,unique,2,0,0,0.0175
NODE_WARFARIN,WARFARIN,11289,Unclassified / General,unique,8,0,0,0.0047
NODE_NITROGLYCERIN,NITROGLYCERIN,4917,Analgesia/Addiction,unique,5,0,0,0.2885
NODE_HYDRALAZINE,HYDRALAZINE,5470,Unclassified / General,unique,6,0,0,0.002
NODE_ISOSORBIDE,ISOSORBIDE,6057,Unclassified / General,unique,7,0,0,0.0053
NODE_AMIODARONE,AMIODARONE,703,Unclassified / General,unique,1,1,0,0.0001
NODE_DIGOXIN,DIGOXIN,3407,Unclassified / General,unique,3,0,0,0.0122
NODE_FLECAINIDE,FLECAINIDE,4441,Unclassified / General,unique,8,0,0,0.0083
NODE_PROPRANOLOL,PROPRANOLOL,8787,Cardiovascular,unique,1,1,0,0.0666
NODE_LABETALOL,LABETALOL,6185,Unclassified / General,unique,8,0,0,0.0041
NODE_BISOPROLOL,BISOPROLOL,19484,Unclassified / General,unique,2,0,0,0.0355
NODE_NEBIVOLOL,NEBIVOLOL,31555,Cardiovascular,unique,4,0,0,0.9684
NODE_IRBESARTAN,IRBESARTAN,83818,Unclassified / General,unique,8,0,0,0.0076
NODE_CANDESARTAN,CANDESARTAN,214354,Unclassified / General,unique,7,0,0,0.0204
NODE_OLMESARTAN,OLMESARTAN,321064,Unclassified / General,unique,4,0,0,0.0581
NODE_AZILSARTAN,AZILSARTAN,1091643,Unclassified / General,unique,6,0,0,0.0029
NODE_NIFEDIPINE,NIFEDIPINE,7417,Unclassified / General,unique,5,0,0,0.0214
NODE_FELODIPINE,FELODIPINE,4316,Unclassified / General,unique,4,0,0,0.0229
NODE_ISRADIPINE,ISRADIPINE,33910,Unclassified / General,unique,3,0,0,0.0015
NODE_CLEVIDIPINE,CLEVIDIPINE,233603,Unclassified / General,unique,8,0,0,0.0025
NODE_NICARDIPINE,NICARDIPINE,7396,Unclassified / General,unique,5,0,0,0.0065
NODE_BUMETANIDE,BUMETANIDE,1808,Cardiovascular,unique,5,0,12,0.9894
NODE_TORSEMIDE,TORSEMIDE,38413,Unclassified / General,unique,2,0,0,0.033
NODE_CHLORTHALIDONE,CHLORTHALIDONE,2409,Unclassified / General,unique,6,0,0,0.0267
NODE_INDAPAMIDE,INDAPAMIDE,5764,Unclassified / General,unique,4,0,0,0.0158
NODE_TRIAMTERENE,TRIAMTERENE,10763,Unclassified / General,unique,4,0,0,0.0135
NODE_EPLERENONE,EPLERENONE,298869,Unclassified / General,unique,4,0,0,0.0235
NODE_LOVASTATIN,LOVASTATIN,6472,Unclassified / General,unique,3,0,0,0.02
NODE_TICAGRELOR,TICAGRELOR,1116632,Unclassified / General,unique,6,0,0,0.0326
NODE_PRASUGREL,PRASUGREL,613391,Unclassified / General,unique,3,0,0,0.0502
NODE_EDOXABAN,EDOXABAN,1599538,Unclassified / General,unique,7,0,0,0.0165
NODE_DABIGATRAN,DABIGATRAN,1546356,Unclassified / General,unique,8,0,0,0.0042
NODE_SOTALOL,SOTALOL,9947,Unclassified / General,unique,7,0,0,0.0174
NODE_DRONEDARONE,DRONEDARONE,233698,Unclassified / General,unique,7,0,0,0.0151
NODE_DOBUTAMINE,DOBUTAMINE,3616,Cardiovascular,unique,2,0,10,0.8453
NODE_DOPAMINE,DOPAMINE,3628,Cardiovascular,unique,2,0,11,0.975
NODE_MILRINONE,MILRINONE,52769,Unclassified / General,unique,3,0,0,0.003
NODE_LEVOSIMENDAN,LEVOSIMENDAN,73107,Unclassified / General,unique,5,0,0,0.0071
NODE_PHENTOLAMINE,PHENTOLAMINE,8153,Unclassified / General,unique,1,1,0,0.0001
NODE_SERTRALINE,SERTRALINE,36437,Unclassified / General,unique,1,1,0,0.0001
NODE_GABAPENTIN,GABAPENTIN,25480,Unclassified / General,unique,6,0,0,0.0051
NODE_TRAMADOL,TRAMADOL,10689,Unclassified / General,unique,3,0,0,0.007
NODE_DULOXETINE,DULOXETINE,72625,Unclassified / General,unique,5,0,0,0.0144
NODE_ESCITALOPRAM,ESCITALOPRAM,321988,Unclassified / General,unique,3,0,0,0.0122
NODE_CITALOPRAM,CITALOPRAM,2556,Unclassified / General,unique,5,0,0,0.0122
NODE_FLUOXETINE,FLUOXETINE,4493,Unclassified / General,unique,4,0,0,0.0069
NODE_PAROXETINE,PAROXETINE,32937,Unclassified / General,unique,4,0,0,0.0131
NODE_VENLAFAXINE,VENLAFAXINE,39786,Unclassified / General,unique,6,0,0,0.0726
NODE_BUPROPION,BUPROPION,42347,Unclassified / General,unique,6,0,0,0.0185
NODE_TRAZODONE,TRAZODONE,10737,Unclassified / General,unique,5,0,0,0.003
NODE_ALPRAZOLAM,ALPRAZOLAM,596,Unclassified / General,unique,5,0,0,0.0045
NODE_LORAZEPAM,LORAZEPAM,6470,Neurology,unique,2,0,11,0.0265
NODE_CLONAZEPAM,CLONAZEPAM,2598,Neurology,unique,5,0,0,0.0726
NODE_ZOLPIDEM,ZOLPIDEM,39993,Unclassified / General,unique,3,0,0,0.0078
NODE_QUETIAPINE,QUETIAPINE,51272,Unclassified / General,unique,1,1,0,0.0002
NODE_ARIPIPRAZOLE,ARIPIPRAZOLE,89013,Unclassified / General,unique,3,0,0,0.0141
NODE_RISPERIDONE,RISPERIDONE,35636,Unclassified / General,unique,5,0,0,0.0065
NODE_OLANZAPINE,OLANZAPINE,61381,Unclassified / General,unique,1,1,0,0.0
NODE_LAMOTRIGINE,LAMOTRIGINE,28439,Neurology,unique,3,0,0,0.122
NODE_TOPIRAMATE,TOPIRAMATE,38404,Unclassified / General,unique,2,0,0,0.0466
NODE_LEVETIRACETAM,LEVETIRACETAM,114477,Unclassified / General,unique,6,0,0,0.0232
NODE_PREGABALIN,PREGABALIN,187832,Unclassified / General,unique,4,0,0,0.0022
NODE_METHYLPHENIDATE,METHYLPHENIDATE,6901,Psychiatry,unique,2,0,0,0.9764
NODE_AMPHETAMINE,AMPHETAMINE,725,Psychiatry,unique,8,0,72,1.0
NODE_ATOMOXETINE,ATOMOXETINE,38400,Unclassified / General,unique,8,0,0,0.0246
NODE_LITHIUM,LITHIUM,6448,Unclassified / General,unique,8,0,0,0.0017
NODE_DONEPEZIL,DONEPEZIL,135447,Neurology,unique,5,0,0,0.41
NODE_MEMANTINE,MEMANTINE,6719,Unclassified / General,unique,1,1,0,0.0
NODE_GALANTAMINE,GALANTAMINE,4637,Unclassified / General,unique,4,0,0,0.0195
NODE_RIVASTIGMINE,RIVASTIGMINE,183379,Neurology,unique,5,0,0,0.5398
NODE_DESVENLAFAXINE,DESVENLAFAXINE,734064,Unclassified / General,unique,6,0,0,0.0041
NODE_MIRTAZAPINE,MIRTAZAPINE,15996,Unclassified / General,unique,4,0,0,0.0761
NODE_VORTIOXETINE,VORTIOXETINE,1455099,Unclassified / General,unique,1,1,0,0.0001
NODE_VILAZODONE,VILAZODONE,1086769,Unclassified / General,unique,4,0,0,0.0202
NODE_BUSPIRONE,BUSPIRONE,1827,Unclassified / General,unique,4,0,0,0.0125
NODE_HYDROXYZINE,HYDROXYZINE,5553,Unclassified / General,unique,5,0,0,0.0245
NODE_DIAZEPAM,DIAZEPAM,3322,Unclassified / General,unique,7,0,0,0.0069
NODE_OXAZEPAM,OXAZEPAM,7781,Unclassified / General,unique,1,1,0,0.0003
NODE_CHLORDIAZEPOXIDE,CHLORDIAZEPOXIDE,2356,Unclassified / General,unique,3,0,0,0.0741
NODE_TEMAZEPAM,TEMAZEPAM,10355,Unclassified / General,unique,3,0,0,0.0225
NODE_ESZOPICLONE,ESZOPICLONE,461016,Unclassified / General,unique,3,0,0,0.0233
NODE_ZALEPLON,ZALEPLON,74667,Unclassified / General,unique,3,0,0,0.026
NODE_ZIPRASIDONE,ZIPRASIDONE,115698,Unclassified / General,unique,6,0,0,0.0119
NODE_PALIPERIDONE,PALIPERIDONE,679314,Unclassified / General,unique,4,0,0,0.0228
NODE_LURASIDONE,LURASIDONE,1040028,Unclassified / General,unique,3,0,0,0.0308
NODE_ASENAPINE,ASENAPINE,784649,Unclassified / General,unique,4,0,0,0.0563
NODE_CLOZAPINE,CLOZAPINE,2626,Unclassified / General,unique,3,0,0,0.0261
NODE_HALOPERIDOL,HALOPERIDOL,5093,Psychiatry,unique,8,0,0,0.9424
NODE_FLUPHENAZINE,FLUPHENAZINE,4496,Unclassified / General,unique,8,0,0,0.0055
NODE_PERPHENAZINE,PERPHENAZINE,8076,Unclassified / General,unique,7,0,0,0.0142
NODE_THIORIDAZINE,THIORIDAZINE,10502,Unclassified / General,unique,2,0,0,0.0631
NODE_AMITRIPTYLINE,AMITRIPTYLINE,704,Unclassified / General,unique,2,0,0,0.0221
NODE_NORTRIPTYLINE,NORTRIPTYLINE,7531,Unclassified / General,unique,4,0,0,0.0177
NODE_IMIPRAMINE,IMIPRAMINE,5691,Unclassified / General,unique,2,0,0,0.0055
NODE_DESIPRAMINE,DESIPRAMINE,3247,Unclassified / General,unique,8,0,0,0.0351
NODE_DOXEPIN,DOXEPIN,3638,Unclassified / General,unique,6,0,0,0.0245
NODE_CLOMIPRAMINE,CLOMIPRAMINE,2597,Unclassified / General,unique,8,0,0,0.0126
NODE_PHENELZINE,PHENELZINE,8123,Unclassified / General,unique,6,0,0,0.0014
NODE_SELEGILINE,SELEGILINE,9639,Unclassified / General,unique,3,0,0,0.0061
NODE_LEVOTHYROXINE,LEVOTHYROXINE,10582,Unclassified / General,unique,6,0,0,0.0021
NODE_METFORMIN,METFORMIN,6809,Unclassified / General,unique,6,0,0,0.007
NODE_SITAGLIPTIN,SITAGLIPTIN,593411,Unclassified / General,unique,3,0,0,0.0232
NODE_GLIPIZIDE,GLIPIZIDE,4821,Unclassified / General,unique,7,0,0,0.0118
NODE_GLIMEPIRIDE,GLIMEPIRIDE,25789,Unclassified / General,unique,3,0,0,0.0145
NODE_EMPAGLIFLOZIN,EMPAGLIFLOZIN,1545653,Unclassified / General,unique,8,0,0,0.0296
NODE_DAPAGLIFLOZIN,DAPAGLIFLOZIN,1488564,Unclassified / General,unique,4,0,0,0.0651
NODE_DULAGLUTIDE,DULAGLUTIDE,1551291,Unclassified / General,unique,2,0,0,0.0354
NODE_SEMAGLUTIDE,SEMAGLUTIDE,1991302,Endocrinology/Metabolism,unique,6,0,0,0.2514
NODE_PIOGLITAZONE,PIOGLITAZONE,33738,Unclassified / General,unique,2,0,0,0.04
NODE_INSULIN,INSULIN,253182,Endocrinology/Metabolism,unique,3,0,0,0.2698
NODE_MEDROXYPROGESTERONE,MEDROXYPROGESTERONE,6691,Urology,unique,5,0,0,0.3582
NODE_HYDROCORTISONE,HYDROCORTISONE,5492,Analgesia/Addiction,unique,6,0,0,0.2436
NODE_PREDNISONE,PREDNISONE,8640,Unclassified / General,unique,7,0,0,0.0245
NODE_DEXAMETHASONE,DEXAMETHASONE,3264,Dermatology,unique,3,0,19,0.9974
NODE_METHYLPREDNISOLONE,METHYLPREDNISOLONE,6902,Rheumatology,unique,4,0,23,0.9726
NODE_FINASTERIDE,FINASTERIDE,25025,Unclassified / General,unique,7,0,0,0.0115
NODE_TAMSULOSIN,TAMSULOSIN,77492,Unclassified / General,unique,4,0,0,0.0075
NODE_ALENDRONATE,ALENDRONATE,46041,Unclassified / General,unique,7,0,0,0.024
NODE_ERGOCALCIFEROL,ERGOCALCIFEROL,4018,Unclassified / General,unique,8,0,0,0.0059
NODE_CHOLECALCIFEROL,CHOLECALCIFEROL,2418,Unclassified / General,unique,7,0,0,0.0163
NODE_CALCITRIOL,CALCITRIOL,1894,Endocrinology/Metabolism,unique,3,0,0,0.475
NODE_LIOTHYRONINE,LIOTHYRONINE,10814,Unclassified / General,unique,3,0,0,0.0343
NODE_METHIMAZOLE,METHIMAZOLE,6835,Unclassified / General,unique,5,0,0,0.0155
NODE_PROPYLTHIOURACIL,PROPYLTHIOURACIL,8794,Unclassified / General,unique,4,0,0,0.0205
NODE_GLYBURIDE,GLYBURIDE,4815,Endocrinology/Metabolism,unique,8,0,0,0.2185
NODE_NATEGLINIDE,NATEGLINIDE,274332,Unclassified / General,unique,7,0,0,0.0149
NODE_REPAGLINIDE,REPAGLINIDE,73044,Unclassified / General,unique,7,0,0,0.0192
NODE_ACARBOSE,ACARBOSE,16681,Unclassified / General,unique,2,0,0,0.031
NODE_CANAGLIFLOZIN,CANAGLIFLOZIN,1373458,Unclassified / General,unique,2,0,0,0.0445
NODE_LIRAGLUTIDE,LIRAGLUTIDE,475968,Endocrinology/Metabolism,unique,7,0,0,0.1886
NODE_EXENATIDE,EXENATIDE,60548,Unclassified / General,unique,2,0,0,0.0326
NODE_IBANDRONATE,IBANDRONATE,115264,Unclassified / General,unique,2,0,0,0.1288
NODE_RISEDRONATE,RISEDRONATE,73056,Unclassified / General,unique,3,0,0,0.0255
NODE_DENOSUMAB,DENOSUMAB,993449,Unclassified / General,unique,8,0,0,0.0035
NODE_TERIPARATIDE,TERIPARATIDE,32915,Unclassified / General,unique,4,0,0,0.0065
NODE_DUTASTERIDE,DUTASTERIDE,228790,Unclassified / General,unique,6,0,0,0.0484
NODE_SILODOSIN,SILODOSIN,720825,Unclassified / General,unique,6,0,0,0.0024
NODE_ALFUZOSIN,ALFUZOSIN,17300,Unclassified / General,unique,4,0,0,0.0143
NODE_OXYBUTYNIN,OXYBUTYNIN,32675,Unclassified / General,unique,2,0,0,0.0113
NODE_TOLTERODINE,TOLTERODINE,119565,Unclassified / General,unique,1,1,0,0.0
NODE_SOLIFENACIN,SOLIFENACIN,322167,Unclassified / General,unique,5,0,0,0.012
NODE_DARIFENACIN,DARIFENACIN,136198,Unclassified / General,unique,7,0,0,0.0194
NODE_FESOTERODINE,FESOTERODINE,797195,Unclassified / General,unique,1,1,0,0.0001
NODE_MIRABEGRON,MIRABEGRON,1300786,Unclassified / General,unique,7,0,0,0.0169
NODE_FLUDROCORTISONE,FLUDROCORTISONE,4452,Unclassified / General,unique,1,1,0,0.0001
NODE_TRIAMCINOLONE,TRIAMCINOLONE,10759,Ophthalmology,unique,2,0,2,0.2157
NODE_BUDESONIDE,BUDESONIDE,19831,Unclassified / General,unique,2,0,0,0.0057
NODE_BETAMETHASONE,BETAMETHASONE,1514,Unclassified / General,unique,8,0,0,0.0101
NODE_CLOBETASOL,CLOBETASOL,2590,Unclassified / General,unique,1,1,0,0.0001
NODE_OMEPRAZOLE,OMEPRAZOLE,7646,Gastroenterology,unique,1,1,0,0.0024
NODE_PANTOPRAZOLE,PANTOPRAZOLE,40790,Unclassified / General,unique,1,1,0,0.0004
NODE_DICYCLOMINE,DICYCLOMINE,3361,Unclassified / General,unique,8,0,0,0.007
NODE_ESOMEPRAZOLE,ESOMEPRAZOLE,283742,Unclassified / General,unique,6,0,0,0.0178
NODE_LANSOPRAZOLE,LANSOPRAZOLE,17128,Unclassified / General,unique,5,0,0,0.0198
NODE_FAMOTIDINE,FAMOTIDINE,4278,Unclassified / General,unique,7,0,0,0.0148
NODE_ONDANSETRON,ONDANSETRON,26225,Unclassified / General,unique,1,1,0,0.0001
NODE_METOCLOPRAMIDE,METOCLOPRAMIDE,6915,Unclassified / General,unique,6,0,0,0.0266
NODE_SUCRALFATE,SUCRALFATE,10156,Unclassified / General,unique,1,1,0,0.0001
NODE_DOCUSATE,DOCUSATE,82003,Unclassified / General,unique,2,0,0,0.0247
NODE_SENNA,SENNA,36387,Unclassified / General,unique,7,0,0,0.0073
NODE_LACTULOSE,LACTULOSE,6218,Unclassified / General,unique,2,0,0,0.0161
NODE_MESALAMINE,MESALAMINE,52582,Gastroenterology,unique,7,0,0,0.2772
NODE_SULFASALAZINE,SULFASALAZINE,9524,Unclassified / General,unique,4,0,0,0.0152
NODE_DEXLANSOPRAZOLE,DEXLANSOPRAZOLE,816346,Unclassified / General,unique,8,0,0,0.0061
NODE_RABEPRAZOLE,RABEPRAZOLE,114979,Unclassified / General,unique,2,0,0,0.0315
NODE_CIMETIDINE,CIMETIDINE,2541,Unclassified / General,unique,1,1,0,0.0001
NODE_PROCHLORPERAZINE,PROCHLORPERAZINE,8704,Unclassified / General,unique,2,0,0,0.0057
NODE_PROMETHAZINE,PROMETHAZINE,8745,Analgesia/Addiction,unique,6,0,0,0.0836
NODE_PALONOSETRON,PALONOSETRON,70561,Gastroenterology,unique,4,0,0,0.4992
NODE_APREPITANT,APREPITANT,358255,Gastroenterology,unique,7,0,0,0.1116
NODE_HYOSCYAMINE,HYOSCYAMINE,153970,Unclassified / General,unique,6,0,0,0.0205
NODE_GLYCOPYRROLATE,GLYCOPYRROLATE,4955,Anesthesia,unique,8,0,0,0.8483
NODE_LOPERAMIDE,LOPERAMIDE,6468,Unclassified / General,unique,3,0,0,0.0262
NODE_DIPHENOXYLATE,DIPHENOXYLATE,3500,Unclassified / General,unique,3,0,0,0.0191
NODE_LINACLOTIDE,LINACLOTIDE,1307404,Unclassified / General,unique,6,0,0,0.0186
NODE_LUBIPROSTONE,LUBIPROSTONE,623033,Unclassified / General,unique,5,0,0,0.0365
NODE_AZATHIOPRINE,AZATHIOPRINE,1256,Unclassified / General,unique,4,0,0,0.025
NODE_MERCAPTOPURINE,MERCAPTOPURINE,103,Unclassified / General,unique,3,0,0,0.0362
NODE_INFLIXIMAB,INFLIXIMAB,191831,Unclassified / General,unique,6,0,0,0.0147
NODE_ADALIMUMAB,ADALIMUMAB,327361,Unclassified / General,unique,2,0,0,0.0311
NODE_VEDOLIZUMAB,VEDOLIZUMAB,1538097,Unclassified / General,unique,1,1,0,0.0001
NODE_USTEKINUMAB,USTEKINUMAB,847083,Unclassified / General,unique,4,0,0,0.0265
NODE_CHOLESTYRAMINE,CHOLESTYRAMINE,2447,Unclassified / General,unique,3,0,0,0.0237
NODE_COLESTIPOL,COLESTIPOL,2685,Unclassified / General,unique,8,0,0,0.0077
NODE_COLESEVELAM,COLESEVELAM,141626,Unclassified / General,unique,4,0,0,0.1189
NODE_URSODIOL,URSODIOL,11065,Other,unique,6,0,0,0.5645
NODE_PANCRELIPASE,PANCRELIPASE,392491,Unclassified / General,unique,3,0,0,0.016
NODE_PEG3350,PEG3350,221147,Unclassified / General,unique,3,0,0,0.0185
NODE_SODIUM PHOSPHATE,SODIUM PHOSPHATE,36709,Gastroenterology,unique,1,1,26,0.0539
NODE_ALBUTEROL,ALBUTEROL,435,Pediatric,unique,7,0,3,0.0812
NODE_MONTELUKAST,MONTELUKAST,88249,Pulmonary/Allergy,unique,8,0,0,0.452
NODE_FLUTICASONE,FLUTICASONE,41126,Pulmonary/Allergy,unique,2,0,0,0.2591
NODE_IPRATROPIUM,IPRATROPIUM,7213,Unclassified / General,unique,7,0,0,0.0133
NODE_TIOTROPIUM,TIOTROPIUM,69120,Unclassified / General,unique,2,0,0,0.0138
NODE_CETIRIZINE,CETIRIZINE,20610,Unclassified / General,unique,1,1,0,0.0001
NODE_LORATADINE,LORATADINE,28889,Unclassified / General,unique,2,0,0,0.0272
NODE_FEXOFENADINE,FEXOFENADINE,87636,Unclassified / General,unique,1,1,0,0.0001
NODE_BENZONATATE,BENZONATATE,18993,Unclassified / General,unique,4,0,0,0.0021
NODE_LEVALBUTEROL,LEVALBUTEROL,237159,Unclassified / General,unique,7,0,0,0.0179
NODE_FORMOTEROL,FORMOTEROL,25255,Unclassified / General,unique,5,0,0,0.0161
NODE_SALMETEROL,SALMETEROL,36117,Unclassified / General,unique,2,0,0,0.0302
NODE_AZELASTINE,AZELASTINE,18603,Unclassified / General,unique,6,0,0,0.0144
NODE_DIPHENHYDRAMINE,DIPHENHYDRAMINE,3498,Unclassified / General,unique,7,0,0,0.0333
NODE_LEVOCETIRIZINE,LEVOCETIRIZINE,356887,Unclassified / General,unique,5,0,0,0.0536
NODE_DESLORATADINE,DESLORATADINE,275635,Unclassified / General,unique,6,0,0,0.0169
NODE_OLOPATADINE,OLOPATADINE,135391,Unclassified / General,unique,5,0,0,0.0419
NODE_CROMOLYN,CROMOLYN,42612,Pulmonary/Allergy,unique,4,0,0,0.5259
NODE_UMECLIDINIUM,UMECLIDINIUM,1487514,Unclassified / General,unique,4,0,0,0.0089
NODE_ACLIDINIUM,ACLIDINIUM,1303098,Unclassified / General,unique,8,0,0,0.0085
NODE_INDACATEROL,INDACATEROL,1114326,Unclassified / General,unique,4,0,0,0.0151
NODE_OLODATEROL,OLODATEROL,1546059,Unclassified / General,unique,7,0,0,0.0062
NODE_VILANTEROL,VILANTEROL,1424884,Unclassified / General,unique,6,0,0,0.0123
NODE_THEOPHYLLINE,THEOPHYLLINE,10438,Unclassified / General,unique,3,0,0,0.0232
NODE_ROFLUMILAST,ROFLUMILAST,1091836,Unclassified / General,unique,1,1,0,0.0002
NODE_OMALIZUMAB,OMALIZUMAB,302379,Unclassified / General,unique,1,1,0,0.0001
NODE_MEPOLIZUMAB,MEPOLIZUMAB,1720597,Unclassified / General,unique,7,0,0,0.0117
NODE_BENRALIZUMAB,BENRALIZUMAB,1989100,Unclassified / General,unique,6,0,0,0.0061
NODE_DUPILUMAB,DUPILUMAB,1876376,Unclassified / General,unique,3,0,0,0.0099
NODE_MOMETASONE,MOMETASONE,108118,Unclassified / General,unique,7,0,0,0.0052
NODE_BECLOMETHASONE,BECLOMETHASONE,1347,Unclassified / General,unique,3,0,0,0.007
NODE_CICLESONIDE,CICLESONIDE,274964,Unclassified / General,unique,3,0,0,0.0149
NODE_CODEINE,CODEINE,2670,Unclassified / General,unique,2,0,0,0.0516
NODE_GUAIFENESIN,GUAIFENESIN,5032,Unclassified / General,unique,7,0,0,0.0097
NODE_DEXTROMETHORPHAN,DEXTROMETHORPHAN,3289,Unclassified / General,unique,1,1,0,0.0001
NODE_PSEUDOEPHEDRINE,PSEUDOEPHEDRINE,8896,Unclassified / General,unique,2,0,0,0.0055
NODE_PHENYLEPHRINE,PHENYLEPHRINE,8163,Unclassified / General,unique,2,0,0,0.0295
NODE_ACETYLCYSTEINE,ACETYLCYSTEINE,197,Unclassified / General,unique,2,0,0,0.0248
NODE_DORNASE,DORNASE,UNMAPPED,Unclassified / General,unmapped,7,0,0,0.0151
NODE_IVACAFTOR,IVACAFTOR,1243041,Unclassified / General,unique,3,0,0,0.0049
NODE_IBUPROFEN,IBUPROFEN,5640,Unclassified / General,unique,4,0,0,0.0379
NODE_ACETAMINOPHEN,ACETAMINOPHEN,161,Unclassified / General,unique,6,0,0,0.0119
NODE_MELOXICAM,MELOXICAM,41493,Unclassified / General,unique,6,0,0,0.0034
NODE_CELECOXIB,CELECOXIB,140587,Unclassified / General,unique,2,0,0,0.0349
NODE_NAPROXEN,NAPROXEN,7258,Unclassified / General,unique,1,1,0,0.0001
NODE_DICLOFENAC,DICLOFENAC,3355,Musculoskeletal,unique,6,0,0,0.258
NODE_CYCLOBENZAPRINE,CYCLOBENZAPRINE,21949,Unclassified / General,unique,6,0,0,0.0207
NODE_METHOCARBAMOL,METHOCARBAMOL,6845,Unclassified / General,unique,5,0,0,0.0271
NODE_BACLOFEN,BACLOFEN,1292,Unclassified / General,unique,6,0,0,0.0707
NODE_TIZANIDINE,TIZANIDINE,57258,Unclassified / General,unique,5,0,0,0.0203
NODE_ALLOPURINOL,ALLOPURINOL,519,Oncology,unique,5,0,0,0.2736
NODE_COLCHICINE,COLCHICINE,2683,Unclassified / General,unique,8,0,0,0.0121
NODE_OXYCODONE,OXYCODONE,7804,Unclassified / General,unique,6,0,0,0.015
NODE_HYDROCODONE,HYDROCODONE,5489,Unclassified / General,unique,7,0,0,0.0106
NODE_MORPHINE,MORPHINE,7052,Analgesia/Addiction,unique,3,0,24,0.6603
NODE_FENTANYL,FENTANYL,4337,Analgesia/Addiction,unique,8,0,11,0.8337
NODE_BUPRENORPHINE,BUPRENORPHINE,1819,Unclassified / General,unique,8,0,0,0.0089
NODE_NALOXONE,NALOXONE,7242,Unclassified / General,unique,6,0,0,0.0158
NODE_SUMATRIPTAN,SUMATRIPTAN,37418,Unclassified / General,unique,4,0,0,0.0381
NODE_RIZATRIPTAN,RIZATRIPTAN,88014,Unclassified / General,unique,3,0,0,0.0247
NODE_INDOMETHACIN,INDOMETHACIN,5781,Unclassified / General,unique,7,0,0,0.0143
NODE_ETODOLAC,ETODOLAC,24605,Unclassified / General,unique,4,0,0,0.002
NODE_NABUMETONE,NABUMETONE,31448,Unclassified / General,unique,8,0,0,0.0107
NODE_OXAPROZIN,OXAPROZIN,32613,Unclassified / General,unique,8,0,0,0.0135
NODE_PIROXICAM,PIROXICAM,8356,Unclassified / General,unique,1,1,0,0.0001
NODE_SULINDAC,SULINDAC,10237,Unclassified / General,unique,1,1,0,0.0
NODE_KETOROLAC,KETOROLAC,35827,Analgesia/Addiction,unique,7,0,25,0.6202
NODE_CARISOPRODOL,CARISOPRODOL,2101,Unclassified / General,unique,3,0,0,0.0253
NODE_ORPHENADRINE,ORPHENADRINE,7715,Unclassified / General,unique,7,0,0,0.0025
NODE_CHLORZOXAZONE,CHLORZOXAZONE,2410,Unclassified / General,unique,7,0,0,0.0228
NODE_DANTROLENE,DANTROLENE,3105,Unclassified / General,unique,8,0,0,0.0168
NODE_METAXALONE,METAXALONE,59078,Unclassified / General,unique,5,0,0,0.026
NODE_HYDROMORPHONE,HYDROMORPHONE,3423,Analgesia/Addiction,unique,6,0,26,0.8094
NODE_OXYMORPHONE,OXYMORPHONE,7814,Unclassified / General,unique,6,0,0,0.0168
NODE_TAPENTADOL,TAPENTADOL,787390,Unclassified / General,unique,1,1,0,0.0001
NODE_MEPERIDINE,MEPERIDINE,6754,Analgesia/Addiction,unique,4,0,0,0.1734
NODE_METHADONE,METHADONE,6813,Unclassified / General,unique,6,0,0,0.0084
NODE_NALTREXONE,NALTREXONE,7243,Unclassified / General,unique,1,1,0,0.0
NODE_NARATRIPTAN,NARATRIPTAN,141366,Unclassified / General,unique,5,0,0,0.0036
NODE_ZOLMITRIPTAN,ZOLMITRIPTAN,135775,Unclassified / General,unique,5,0,0,0.0211
NODE_ELETRIPTAN,ELETRIPTAN,231049,Unclassified / General,unique,3,0,0,0.0234
NODE_FROVATRIPTAN,FROVATRIPTAN,228783,Neurology,unique,7,0,0,0.3466
NODE_ALMOTRIPTAN,ALMOTRIPTAN,279645,Unclassified / General,unique,1,1,0,0.0003
NODE_UBROGEPANT,UBROGEPANT,2268216,Unclassified / General,unique,8,0,0,0.0218
NODE_RIMEGEPANT,RIMEGEPANT,2282307,Unclassified / General,unique,2,0,0,0.009
NODE_FEBUXOSTAT,FEBUXOSTAT,73689,Unclassified / General,unique,5,0,0,0.0242
NODE_PROBENECID,PROBENECID,8698,Unclassified / General,unique,3,0,0,0.0066
NODE_PEGLOTICASE,PEGLOTICASE,1011650,Unclassified / General,unique,4,0,0,0.0142
NODE_RASBURICASE,RASBURICASE,283821,Unclassified / General,unique,5,0,0,0.0154
NODE_LEFLUNOMIDE,LEFLUNOMIDE,27169,Rheumatology,unique,7,0,0,0.9869
NODE_HEPARIN,HEPARIN,235473,Hematology,ambiguous,1,1,8,0.029
NODE_ENOXAPARIN,ENOXAPARIN,67108,Unclassified / General,unique,6,0,0,0.0172
NODE_HYDROXYUREA,HYDROXYUREA,5552,Unclassified / General,unique,6,0,0,0.0726
NODE_METHOTREXATE,METHOTREXATE,6851,Rheumatology,unique,8,0,0,0.9692
NODE_TACROLIMUS,TACROLIMUS,42316,Unclassified / General,unique,3,0,0,0.0191
NODE_CYCLOSPORINE,CYCLOSPORINE,3008,Unclassified / General,unique,1,1,0,0.0
NODE_TAMOXIFEN,TAMOXIFEN,10324,Unclassified / General,unique,5,0,0,0.0043
NODE_ANASTROZOLE,ANASTROZOLE,84857,Unclassified / General,unique,7,0,0,0.0156
NODE_LETROZOLE,LETROZOLE,72965,Unclassified / General,unique,7,0,0,0.0052
NODE_BICALUTAMIDE,BICALUTAMIDE,83008,Unclassified / General,unique,4,0,0,0.0214
NODE_CYCLOPHOSPHAMIDE,CYCLOPHOSPHAMIDE,3002,Unclassified / General,unique,6,0,0,0.0395
NODE_FLUOROURACIL,FLUOROURACIL,4492,Unclassified / General,unique,3,0,0,0.0152
NODE_DOXORUBICIN,DOXORUBICIN,3639,Unclassified / General,unique,7,0,0,0.0117
NODE_CISPLATIN,CISPLATIN,2555,Unclassified / General,unique,6,0,0,0.0067
NODE_CARBOPLATIN,CARBOPLATIN,40048,Oncology,unique,3,0,0,0.2995
NODE_PACLITAXEL,PACLITAXEL,UNMAPPED,Unclassified / General,unmapped,8,0,0,0.0023
NODE_DOCETAXEL,DOCETAXEL,72962,Oncology,unique,2,0,0,0.6007
NODE_GEMCITABINE,GEMCITABINE,UNMAPPED,Unclassified / General,unmapped,3,0,0,0.0043
NODE_IMATINIB,IMATINIB,282388,Unclassified / General,unique,7,0,0,0.0135
NODE_LENALIDOMIDE,LENALIDOMIDE,342369,Unclassified / General,unique,2,0,0,0.0135
NODE_RITUXIMAB,RITUXIMAB,121191,Unclassified / General,unique,6,0,0,0.049
NODE_FILGRASTIM,FILGRASTIM,68442,Unclassified / General,unique,8,0,0,0.0094
NODE_DALTEPARIN,DALTEPARIN,67109,Unclassified / General,unique,6,0,0,0.0187
NODE_FONDAPARINUX,FONDAPARINUX,321208,Hematology,unique,1,1,0,0.0251
NODE_ARGATROBAN,ARGATROBAN,15202,Unclassified / General,unique,2,0,0,0.07
NODE_BIVALIRUDIN,BIVALIRUDIN,60819,Unclassified / General,unique,4,0,0,0.0242
NODE_EXEMESTANE,EXEMESTANE,258494,Unclassified / General,unique,6,0,0,0.0139
NODE_FULVESTRANT,FULVESTRANT,282357,Oncology,unique,8,0,0,0.3574
NODE_DEGARELIX,DEGARELIX,475230,Unclassified / General,unique,7,0,0,0.0105
NODE_LEUPROLIDE,LEUPROLIDE,42375,Unclassified / General,unique,5,0,0,0.0354
NODE_GOSERELIN,GOSERELIN,50610,Unclassified / General,unique,1,1,0,0.0001
NODE_FLUTAMIDE,FLUTAMIDE,4508,Unclassified / General,unique,7,0,0,0.0104
NODE_ENZALUTAMIDE,ENZALUTAMIDE,1307298,Unclassified / General,unique,1,1,0,0.0
NODE_ABIRATERONE,ABIRATERONE,1100072,Unclassified / General,unique,8,0,0,0.0024
NODE_DASATINIB,DASATINIB,475342,Unclassified / General,unique,1,1,0,0.0
NODE_NILOTINIB,NILOTINIB,662281,Unclassified / General,unique,5,0,0,0.0109
NODE_BOSUTINIB,BOSUTINIB,1307619,Unclassified / General,unique,2,0,0,0.0164
NODE_PONATINIB,PONATINIB,1364347,Unclassified / General,unique,5,0,0,0.0208
NODE_CABOZANTINIB,CABOZANTINIB,1363268,Unclassified / General,unique,7,0,0,0.0019
NODE_SUNITINIB,SUNITINIB,357977,Unclassified / General,unique,5,0,0,0.0151
NODE_SORAFENIB,SORAFENIB,495881,Unclassified / General,unique,6,0,0,0.0114
NODE_PAZOPANIB,PAZOPANIB,714438,Unclassified / General,unique,1,1,0,0.0
NODE_AXITINIB,AXITINIB,1242999,Unclassified / General,unique,2,0,0,0.0186
NODE_LENVATINIB,LENVATINIB,1603296,Unclassified / General,unique,1,1,0,0.0002
NODE_EVEROLIMUS,EVEROLIMUS,141704,Transplant,unique,5,0,0,0.6464
NODE_SIROLIMUS,SIROLIMUS,35302,Unclassified / General,unique,7,0,0,0.0044
NODE_THALIDOMIDE,THALIDOMIDE,10432,Unclassified / General,unique,8,0,0,0.0007
NODE_POMALIDOMIDE,POMALIDOMIDE,1369713,Unclassified / General,unique,4,0,0,0.0462
NODE_APREMILAST,APREMILAST,1492727,Unclassified / General,unique,2,0,0,0.0291
NODE_TOFACITINIB,TOFACITINIB,1357536,Unclassified / General,unique,6,0,0,0.0131
NODE_LATANOPROST,LATANOPROST,43611,Unclassified / General,unique,6,0,0,0.0021
NODE_TIMOLOL,TIMOLOL,10600,Unclassified / General,unique,5,0,0,0.0099
NODE_BRIMONIDINE,BRIMONIDINE,134615,Unclassified / General,unique,5,0,0,0.0124
NODE_DORZOLAMIDE,DORZOLAMIDE,60207,Unclassified / General,unique,5,0,0,0.0226
NODE_BIMATOPROST,BIMATOPROST,283810,Unclassified / General,unique,4,0,0,0.0028
NODE_TRAVOPROST,TRAVOPROST,283809,Ophthalmology,unique,7,0,0,0.7065
NODE_TAFLUPROST,TAFLUPROST,1244607,Unclassified / General,unique,1,1,0,0.0001
NODE_BETAXOLOL,BETAXOLOL,1520,Unclassified / General,unique,4,0,0,0.0325
NODE_BRINZOLAMIDE,BRINZOLAMIDE,194881,Unclassified / General,unique,5,0,0,0.0178
NODE_ACETAZOLAMIDE,ACETAZOLAMIDE,167,Unclassified / General,unique,8,0,0,0.0085
NODE_METHAZOLAMIDE,METHAZOLAMIDE,6826,Unclassified / General,unique,7,0,0,0.0017
NODE_PILOCARPINE,PILOCARPINE,8328,Ophthalmology,unique,4,0,0,0.819
NODE_GANTIFLOXACIN,GANTIFLOXACIN,UNMAPPED,Unclassified / General,unmapped,1,1,0,0.0
NODE_PREDNISOLONE,PREDNISOLONE,8638,Unclassified / General,unique,7,0,0,0.0143
NODE_FLUMETHASONE,FLUMETHASONE,4458,Unclassified / General,unique,2,0,0,0.0192
NODE_LOTEPREDNOL,LOTEPREDNOL,UNMAPPED,Unclassified / General,unmapped,6,0,0,0.0074
NODE_RIMEXOLONE,RIMEXOLONE,55681,Unclassified / General,unique,3,0,0,0.0242
NODE_EPINASTINE,EPINASTINE,39684,Unclassified / General,unique,7,0,0,0.0026
NODE_KETOTIFEN,KETOTIFEN,UNMAPPED,Unclassified / General,unmapped,4,0,0,0.013
NODE_CYCLOPENTOLATE,CYCLOPENTOLATE,3001,Unclassified / General,unique,5,0,0,0.0029
NODE_TROPICAMIDE,TROPICAMIDE,10869,Unclassified / General,unique,5,0,0,0.0114
NODE_ATROPINE,ATROPINE,1223,Anesthesia,unique,6,0,16,0.8084
NODE_PIMECROLIMUS,PIMECROLIMUS,UNMAPPED,Unclassified / General,unmapped,4,0,0,0.0237
NODE_CRISABOROLE,CRISABOROLE,UNMAPPED,Unclassified / General,unmapped,7,0,0,0.0184
NODE_AZELAIC,AZELAIC,UNMAPPED,Unclassified / General,unmapped,4,0,0,0.0029
NODE_TRETINOIN,TRETINOIN,10753,Unclassified / General,unique,3,0,0,0.008
NODE_ADAPALENE,ADAPALENE,60223,Unclassified / General,unique,6,0,0,0.0058
NODE_TAZAROTENE,TAZAROTENE,83947,Unclassified / General,unique,1,1,0,0.0001
NODE_ISOTRETINOIN,ISOTRETINOIN,6064,Unclassified / General,unique,5,0,0,0.0382
NODE_MUPIROCIN,MUPIROCIN,42372,Unclassified / General,unique,3,0,0,0.0319
NODE_PERMETHRIN,PERMETHRIN,33199,Unclassified / General,unique,7,0,0,0.0139
NODE_MALATHION,MALATHION,6606,Unclassified / General,unique,5,0,0,0.0265
NODE_SPINOSAD,SPINOSAD,299081,Unclassified / General,unique,5,0,0,0.0117
NODE_IVERMECTIN,IVERMECTIN,6069,Unclassified / General,unique,7,0,0,0.0136
NODE_CROTAMITON,CROTAMITON,21766,Unclassified / General,unique,8,0,0,0.018
NODE_MINOXIDIL,MINOXIDIL,6984,Unclassified / General,unique,2,0,0,0.0252
NODE_EFLORNITHINE,EFLORNITHINE,569,Unclassified / General,unique,5,0,0,0.0194
NODE_METHOXSALEN,METHOXSALEN,6854,Unclassified / General,unique,6,0,0,0.0039
NODE_ACITRETIN,ACITRETIN,16818,Unclassified / General,unique,6,0,0,0.0168
NODE_CALCIPOTRIENE,CALCIPOTRIENE,29365,Unclassified / General,unique,2,0,0,0.0051
NODE_ALCLOMETASONE,ALCLOMETASONE,108088,Unclassified / General,unique,2,0,0,0.0255
NODE_DESONIDE,DESONIDE,3254,Unclassified / General,unique,7,0,0,0.0004
NODE_FLUOCINONIDE,FLUOCINONIDE,4462,Unclassified / General,unique,4,0,0,0.0078
NODE_HALOBETASOL,HALOBETASOL,41208,Unclassified / General,unique,6,0,0,0.1078
NODE_FLURANDRENOLIDE,FLURANDRENOLIDE,4500,Unclassified / General,unique,5,0,0,0.0174
NODE_HALCINONIDE,HALCINONIDE,5084,Unclassified / General,unique,5,0,0,0.022
NODE_AMCINONIDE,AMCINONIDE,17652,Unclassified / General,unique,4,0,0,0.037
NODE_DIFLORASONE,DIFLORASONE,91311,Unclassified / General,unique,3,0,0,0.0031
NODE_DESOXIMETASONE,DESOXIMETASONE,3255,Unclassified / General,unique,1,1,0,0.0001
NODE_FLUOCINOLONE,FLUOCINOLONE,25126,Unclassified / General,unique,6,0,0,0.0433
NODE_CLOCORTOLONE,CLOCORTOLONE,21249,Unclassified / General,unique,6,0,0,0.0072
NODE_PREDNICARBATE,PREDNICARBATE,34369,Unclassified / General,unique,3,0,0,0.0231
NODE_OXANDROLONE,OXANDROLONE,7779,Unclassified / General,unique,3,0,0,0.0014
NODE_TESTOSTERONE,TESTOSTERONE,10379,Unclassified / General,unique,8,0,0,0.0176
NODE_NANDROLONE,NANDROLONE,UNMAPPED,Unclassified / General,unmapped,1,1,0,0.0001
NODE_OXYMETHOLONE,OXYMETHOLONE,7813,Unclassified / General,unique,5,0,0,0.0028
NODE_DANAZOL,DANAZOL,3102,Unclassified / General,unique,7,0,0,0.0027
NODE_ESTRADIOL,ESTRADIOL,4083,Unclassified / General,unique,7,0,0,0.0028
NODE_ESTRIOL,ESTRIOL,4094,Unclassified / General,unique,1,1,0,0.0001
NODE_ESTRONE,ESTRONE,4103,Unclassified / General,unique,8,0,0,0.0075
NODE_ETHINYL ESTRADIOL,ETHINYL ESTRADIOL,4124,Unclassified / General,unique,8,0,0,0.006
NODE_MEGESTROL,MEGESTROL,6703,Unclassified / General,unique,5,0,0,0.0171
NODE_NORETHINDRONE,NORETHINDRONE,7514,Unclassified / General,unique,6,0,0,0.0029
NODE_NORGESTREL,NORGESTREL,7518,Unclassified / General,unique,1,1,0,0.0001
NODE_DESOGESTREL,DESOGESTREL,22656,Unclassified / General,unique,3,0,0,0.0335
NODE_DROSPIRENONE,DROSPIRENONE,11636,Unclassified / General,unique,1,1,0,0.0
NODE_LEVONORGESTREL,LEVONORGESTREL,6373,Unclassified / General,unique,6,0,0,0.0162
NODE_ETYNODIOL,ETYNODIOL,24591,Unclassified / General,unique,7,0,0,0.0059
NODE_NORGESTIMATE,NORGESTIMATE,31994,Unclassified / General,unique,2,0,0,0.0282
NODE_DINOPROSTONE,DINOPROSTONE,3478,Unclassified / General,unique,4,0,0,0.0198
NODE_MISOPROSTOL,MISOPROSTOL,42331,Unclassified / General,unique,3,0,0,0.0544
NODE_CARBOPROST,CARBOPROST,2051,Unclassified / General,unique,5,0,0,0.0035
NODE_MIFEPRISTONE,MIFEPRISTONE,6964,Unclassified / General,unique,5,0,0,0.0174
NODE_OXYTOCIN,OXYTOCIN,7824,Unclassified / General,unique,1,1,0,0.0
NODE_METHERGINE,METHERGINE,227555,Unclassified / General,unique,7,0,0,0.0125
NODE_TERBUTALINE,TERBUTALINE,10368,Unclassified / General,unique,4,0,0,0.0195
NODE_MAGNESIUM SULFATE,MAGNESIUM SULFATE,6585,Unclassified / General,unique,4,0,0,0.0098
NODE_ATOSIBAN,ATOSIBAN,59639,Unclassified / General,unique,4,0,0,0.0148
NODE_NITROPRUSSIDE,NITROPRUSSIDE,7476,Unclassified / General,unique,4,0,0,0.0202
NODE_SODIUM BICARBONATE,SODIUM BICARBONATE,36676,Gastroenterology,unique,5,0,26,0.8989
NODE_POTASSIUM CHLORIDE,POTASSIUM CHLORIDE,8591,Endocrinology/Metabolism,unique,6,0,0,0.3443
NODE_CALCIUM GLUCONATE,CALCIUM GLUCONATE,1908,Renal,unique,1,1,0,0.0245
NODE_MAGNESIUM CHLORIDE,MAGNESIUM CHLORIDE,6579,Unclassified / General,unique,5,0,0,0.0186
NODE_ZINC SULFATE,ZINC SULFATE,39954,Unclassified / General,unique,3,0,0,0.0238
