source_node,target_node,relationship_type,relationship_source,relationship_strength,clinical_substitution_supported,graph_view
NODE_AMOXICILLIN,NODE_NYSTATIN,CO_FORMULATED_WITH,RxNorm MIN co-formulation concept (1008603),0.4,False,SIMILARITY
NODE_AMOXICILLIN,NODE_OMEPRAZOLE,CO_FORMULATED_WITH,RxNorm MIN co-formulation concept (2262025),0.4,False,SIMILARITY
NODE_AMOXICILLIN,NODE_DICLOFENAC,CO_FORMULATED_WITH,RxNorm MIN co-formulation concept (1008370),0.4,False,SIMILARITY
NODE_AMOXICILLIN,NODE_PIROXICAM,CO_FORMULATED_WITH,RxNorm MIN co-formulation concept (1008606),0.4,False,SIMILARITY
NODE_AMOXICILLIN,NODE_PROBENECID,CO_FORMULATED_WITH,RxNorm MIN co-formulation concept (1007416),0.4,False,SIMILARITY
NODE_CIPROFLOXACIN,NODE_HYDROCORTISONE,CO_FORMULATED_WITH,RxNorm MIN co-formulation concept (465711),0.4,False,SIMILARITY
NODE_CIPROFLOXACIN,NODE_DEXAMETHASONE,CO_FORMULATED_WITH,RxNorm MIN co-formulation concept (465397),0.4,False,SIMILARITY
NODE_CIPROFLOXACIN,NODE_FLUOCINOLONE,CO_FORMULATED_WITH,RxNorm MIN co-formulation concept (1792385),0.4,False,SIMILARITY
NODE_CLINDAMYCIN,NODE_TRETINOIN,CO_FORMULATED_WITH,RxNorm MIN co-formulation concept (687144),0.4,False,SIMILARITY
NODE_CLINDAMYCIN,NODE_ADAPALENE,CO_FORMULATED_WITH,RxNorm MIN co-formulation concept (2668193),0.4,False,SIMILARITY
NODE_METRONIDAZOLE,NODE_NYSTATIN,CO_FORMULATED_WITH,RxNorm MIN co-formulation concept (392520),0.4,False,SIMILARITY
NODE_METRONIDAZOLE,NODE_TETRACYCLINE,CO_FORMULATED_WITH,"RxNorm MIN co-formulation concept (1007769, 818629)",0.4,False,SIMILARITY
NODE_ACYCLOVIR,NODE_HYDROCORTISONE,CO_FORMULATED_WITH,RxNorm MIN co-formulation concept (1007804),0.4,False,SIMILARITY
NODE_GENTAMICIN,NODE_HYDROCORTISONE,CO_FORMULATED_WITH,"RxNorm MIN co-formulation concept (106983, 1870699)",0.4,False,SIMILARITY
NODE_GENTAMICIN,NODE_BETAMETHASONE,CO_FORMULATED_WITH,"RxNorm MIN co-formulation concept (1596454, 1870197)",0.4,False,SIMILARITY
NODE_GENTAMICIN,NODE_MOMETASONE,CO_FORMULATED_WITH,"RxNorm MIN co-formulation concept (2713300, 1606020)",0.4,False,SIMILARITY
NODE_GENTAMICIN,NODE_PREDNISOLONE,CO_FORMULATED_WITH,RxNorm MIN co-formulation concept (689325),0.4,False,SIMILARITY
NODE_CEFUROXIME,NODE_ACETYLCYSTEINE,CO_FORMULATED_WITH,RxNorm MIN co-formulation concept (1007698),0.4,False,SIMILARITY
NODE_TRIMETHOPRIM,NODE_SULFAMETHOXAZOLE,CO_FORMULATED_WITH,"RxNorm MIN co-formulation concept (812415, 10831)",0.4,False,SIMILARITY
NODE_TRIMETHOPRIM,NODE_RIFAMPIN,CO_FORMULATED_WITH,RxNorm MIN co-formulation concept (818205),0.4,False,SIMILARITY
NODE_KETOCONAZOLE,NODE_HYDROCORTISONE,CO_FORMULATED_WITH,"RxNorm MIN co-formulation concept (1648131, 1008033)",0.4,False,SIMILARITY
NODE_TERBINAFINE,NODE_BETAMETHASONE,CO_FORMULATED_WITH,"RxNorm MIN co-formulation concept (2704734, 2703102)",0.4,False,SIMILARITY
NODE_TERBINAFINE,NODE_MOMETASONE,CO_FORMULATED_WITH,RxNorm MIN co-formulation concept (1721552),0.4,False,SIMILARITY
NODE_NYSTATIN,NODE_TETRACYCLINE,CO_FORMULATED_WITH,RxNorm MIN co-formulation concept (392575),0.4,False,SIMILARITY
NODE_NYSTATIN,NODE_HYDROCORTISONE,CO_FORMULATED_WITH,RxNorm MIN co-formulation concept (106984),0.4,False,SIMILARITY
NODE_NYSTATIN,NODE_TRIAMCINOLONE,CO_FORMULATED_WITH,"RxNorm MIN co-formulation concept (107011, 1368279)",0.4,False,SIMILARITY
NODE_AMPICILLIN,NODE_DICLOFENAC,CO_FORMULATED_WITH,RxNorm MIN co-formulation concept (1008558),0.4,False,SIMILARITY
NODE_AMPICILLIN,NODE_PROBENECID,CO_FORMULATED_WITH,RxNorm MIN co-formulation concept (214233),0.4,False,SIMILARITY
NODE_PIPERACILLIN,NODE_TAZOBACTAM,CO_FORMULATED_WITH,RxNorm MIN co-formulation concept (74169),0.4,False,SIMILARITY
NODE_TOBRAMYCIN,NODE_DEXAMETHASONE,CO_FORMULATED_WITH,RxNorm MIN co-formulation concept (883815),0.4,False,SIMILARITY
NODE_ERYTHROMYCIN,NODE_TRETINOIN,CO_FORMULATED_WITH,RxNorm MIN co-formulation concept (392508),0.4,False,SIMILARITY
NODE_ERYTHROMYCIN,NODE_ISOTRETINOIN,CO_FORMULATED_WITH,RxNorm MIN co-formulation concept (392494),0.4,False,SIMILARITY
NODE_RIFAMPIN,NODE_ISONIAZID,CO_FORMULATED_WITH,"RxNorm MIN co-formulation concept (106876, 814321, 214662)",0.4,False,SIMILARITY
NODE_RIFAMPIN,NODE_PYRAZINAMIDE,CO_FORMULATED_WITH,RxNorm MIN co-formulation concept (214662),0.4,False,SIMILARITY
NODE_RIFAMPIN,NODE_ETHAMBUTOL,CO_FORMULATED_WITH,RxNorm MIN co-formulation concept (814321),0.4,False,SIMILARITY
NODE_ISONIAZID,NODE_PYRAZINAMIDE,CO_FORMULATED_WITH,RxNorm MIN co-formulation concept (214662),0.4,False,SIMILARITY
NODE_ISONIAZID,NODE_ETHAMBUTOL,CO_FORMULATED_WITH,"RxNorm MIN co-formulation concept (814321, 821005)",0.4,False,SIMILARITY
NODE_ISONIAZID,NODE_DAPSONE,CO_FORMULATED_WITH,RxNorm MIN co-formulation concept (1008891),0.4,False,SIMILARITY
NODE_ATORVASTATIN,NODE_AMLODIPINE,CO_FORMULATED_WITH,RxNorm MIN co-formulation concept (404773),0.4,False,SIMILARITY
NODE_LISINOPRIL,NODE_HYDROCHLOROTHIAZIDE,CO_FORMULATED_WITH,RxNorm MIN co-formulation concept (214618),0.4,False,SIMILARITY
NODE_AMLODIPINE,NODE_HYDROCHLOROTHIAZIDE,CO_FORMULATED_WITH,"RxNorm MIN co-formulation concept (852897, 1050797, 1008801)",0.4,False,SIMILARITY
NODE_AMLODIPINE,NODE_VALSARTAN,CO_FORMULATED_WITH,"RxNorm MIN co-formulation concept (729455, 852897)",0.4,False,SIMILARITY
NODE_AMLODIPINE,NODE_TELMISARTAN,CO_FORMULATED_WITH,"RxNorm MIN co-formulation concept (901212, 2718420)",0.4,False,SIMILARITY
NODE_AMLODIPINE,NODE_OLMESARTAN,CO_FORMULATED_WITH,"RxNorm MIN co-formulation concept (1009015, 1008801)",0.4,False,SIMILARITY
NODE_AMLODIPINE,NODE_INDAPAMIDE,CO_FORMULATED_WITH,RxNorm MIN co-formulation concept (2718420),0.4,False,SIMILARITY
NODE_AMLODIPINE,NODE_CELECOXIB,CO_FORMULATED_WITH,RxNorm MIN co-formulation concept (2047714),0.4,False,SIMILARITY
NODE_LOSARTAN,NODE_HYDROCHLOROTHIAZIDE,CO_FORMULATED_WITH,RxNorm MIN co-formulation concept (214619),0.4,False,SIMILARITY
NODE_METOPROLOL,NODE_HYDROCHLOROTHIAZIDE,CO_FORMULATED_WITH,"RxNorm MIN co-formulation concept (214621, 1009139)",0.4,False,SIMILARITY
NODE_METOPROLOL,NODE_HYDRALAZINE,CO_FORMULATED_WITH,RxNorm MIN co-formulation concept (1009139),0.4,False,SIMILARITY
NODE_METOPROLOL,NODE_NIFEDIPINE,CO_FORMULATED_WITH,RxNorm MIN co-formulation concept (1008463),0.4,False,SIMILARITY
NODE_METOPROLOL,NODE_FELODIPINE,CO_FORMULATED_WITH,RxNorm MIN co-formulation concept (1007489),0.4,False,SIMILARITY
NODE_METOPROLOL,NODE_CHLORTHALIDONE,CO_FORMULATED_WITH,RxNorm MIN co-formulation concept (1007340),0.4,False,SIMILARITY
NODE_HYDROCHLOROTHIAZIDE,NODE_SPIRONOLACTONE,CO_FORMULATED_WITH,RxNorm MIN co-formulation concept (324042),0.4,False,SIMILARITY
NODE_HYDROCHLOROTHIAZIDE,NODE_VALSARTAN,CO_FORMULATED_WITH,"RxNorm MIN co-formulation concept (852897, 214626)",0.4,False,SIMILARITY
NODE_HYDROCHLOROTHIAZIDE,NODE_DILTIAZEM,CO_FORMULATED_WITH,RxNorm MIN co-formulation concept (1007083),0.4,False,SIMILARITY
NODE_HYDROCHLOROTHIAZIDE,NODE_VERAPAMIL,CO_FORMULATED_WITH,"RxNorm MIN co-formulation concept (1007974, 1007929)",0.4,False,SIMILARITY
NODE_HYDROCHLOROTHIAZIDE,NODE_ENALAPRIL,CO_FORMULATED_WITH,RxNorm MIN co-formulation concept (214536),0.4,False,SIMILARITY
NODE_HYDROCHLOROTHIAZIDE,NODE_RAMIPRIL,CO_FORMULATED_WITH,RxNorm MIN co-formulation concept (818284),0.4,False,SIMILARITY
NODE_HYDROCHLOROTHIAZIDE,NODE_ATENOLOL,CO_FORMULATED_WITH,RxNorm MIN co-formulation concept (153154),0.4,False,SIMILARITY
NODE_HYDROCHLOROTHIAZIDE,NODE_TELMISARTAN,CO_FORMULATED_WITH,RxNorm MIN co-formulation concept (284636),0.4,False,SIMILARITY
NODE_HYDROCHLOROTHIAZIDE,NODE_HYDRALAZINE,CO_FORMULATED_WITH,"RxNorm MIN co-formulation concept (1009139, 214616, 214615)",0.4,False,SIMILARITY
NODE_HYDROCHLOROTHIAZIDE,NODE_PROPRANOLOL,CO_FORMULATED_WITH,RxNorm MIN co-formulation concept (214623),0.4,False,SIMILARITY
NODE_HYDROCHLOROTHIAZIDE,NODE_LABETALOL,CO_FORMULATED_WITH,RxNorm MIN co-formulation concept (689716),0.4,False,SIMILARITY
NODE_HYDROCHLOROTHIAZIDE,NODE_BISOPROLOL,CO_FORMULATED_WITH,RxNorm MIN co-formulation concept (214317),0.4,False,SIMILARITY
NODE_HYDROCHLOROTHIAZIDE,NODE_IRBESARTAN,CO_FORMULATED_WITH,RxNorm MIN co-formulation concept (214617),0.4,False,SIMILARITY
NODE_HYDROCHLOROTHIAZIDE,NODE_CANDESARTAN,CO_FORMULATED_WITH,RxNorm MIN co-formulation concept (284628),0.4,False,SIMILARITY
NODE_HYDROCHLOROTHIAZIDE,NODE_OLMESARTAN,CO_FORMULATED_WITH,"RxNorm MIN co-formulation concept (1008801, 817496)",0.4,False,SIMILARITY
NODE_HYDROCHLOROTHIAZIDE,NODE_TRIAMTERENE,CO_FORMULATED_WITH,"RxNorm MIN co-formulation concept (258337, 1007970, 1007929)",0.4,False,SIMILARITY
NODE_HYDROCHLOROTHIAZIDE,NODE_SOTALOL,CO_FORMULATED_WITH,RxNorm MIN co-formulation concept (1006894),0.4,False,SIMILARITY
NODE_HYDROCHLOROTHIAZIDE,NODE_TIMOLOL,CO_FORMULATED_WITH,"RxNorm MIN co-formulation concept (214625, 812786)",0.4,False,SIMILARITY
NODE_HYDROCHLOROTHIAZIDE,NODE_POTASSIUM CHLORIDE,CO_FORMULATED_WITH,RxNorm MIN co-formulation concept (813131),0.4,False,SIMILARITY
NODE_HYDROCHLOROTHIAZIDE,NODE_MAGNESIUM CHLORIDE,CO_FORMULATED_WITH,RxNorm MIN co-formulation concept (1008205),0.4,False,SIMILARITY
NODE_FUROSEMIDE,NODE_SPIRONOLACTONE,CO_FORMULATED_WITH,RxNorm MIN co-formulation concept (392462),0.4,False,SIMILARITY
NODE_FUROSEMIDE,NODE_INDAPAMIDE,CO_FORMULATED_WITH,RxNorm MIN co-formulation concept (1009094),0.4,False,SIMILARITY
NODE_FUROSEMIDE,NODE_TRIAMTERENE,CO_FORMULATED_WITH,RxNorm MIN co-formulation concept (392570),0.4,False,SIMILARITY
NODE_FUROSEMIDE,NODE_POTASSIUM CHLORIDE,CO_FORMULATED_WITH,RxNorm MIN co-formulation concept (608054),0.4,False,SIMILARITY
NODE_SIMVASTATIN,NODE_SITAGLIPTIN,CO_FORMULATED_WITH,RxNorm MIN co-formulation concept (1189803),0.4,False,SIMILARITY
NODE_VALSARTAN,NODE_NEBIVOLOL,CO_FORMULATED_WITH,RxNorm MIN co-formulation concept (1798280),0.4,False,SIMILARITY
NODE_DILTIAZEM,NODE_ENALAPRIL,CO_FORMULATED_WITH,RxNorm MIN co-formulation concept (214507),0.4,False,SIMILARITY
NODE_VERAPAMIL,NODE_TRIAMTERENE,CO_FORMULATED_WITH,RxNorm MIN co-formulation concept (1007929),0.4,False,SIMILARITY
NODE_ENALAPRIL,NODE_FELODIPINE,CO_FORMULATED_WITH,RxNorm MIN co-formulation concept (214535),0.4,False,SIMILARITY
NODE_RAMIPRIL,NODE_FELODIPINE,CO_FORMULATED_WITH,RxNorm MIN co-formulation concept (389179),0.4,False,SIMILARITY
NODE_ATENOLOL,NODE_HYDRALAZINE,CO_FORMULATED_WITH,RxNorm MIN co-formulation concept (1008198),0.4,False,SIMILARITY
NODE_ATENOLOL,NODE_NIFEDIPINE,CO_FORMULATED_WITH,RxNorm MIN co-formulation concept (392475),0.4,False,SIMILARITY
NODE_ATENOLOL,NODE_CHLORTHALIDONE,CO_FORMULATED_WITH,"RxNorm MIN co-formulation concept (151195, 1008198)",0.4,False,SIMILARITY
NODE_TELMISARTAN,NODE_INDAPAMIDE,CO_FORMULATED_WITH,RxNorm MIN co-formulation concept (2718420),0.4,False,SIMILARITY
NODE_NITROGLYCERIN,NODE_ATROPINE,CO_FORMULATED_WITH,RxNorm MIN co-formulation concept (1008887),0.4,False,SIMILARITY
NODE_HYDRALAZINE,NODE_CHLORTHALIDONE,CO_FORMULATED_WITH,"RxNorm MIN co-formulation concept (1007952, 1008198)",0.4,False,SIMILARITY
NODE_LABETALOL,NODE_HYDROXYZINE,CO_FORMULATED_WITH,RxNorm MIN co-formulation concept (1007878),0.4,False,SIMILARITY
NODE_AZILSARTAN,NODE_CHLORTHALIDONE,CO_FORMULATED_WITH,RxNorm MIN co-formulation concept (1235143),0.4,False,SIMILARITY
NODE_BUMETANIDE,NODE_POTASSIUM CHLORIDE,CO_FORMULATED_WITH,RxNorm MIN co-formulation concept (816562),0.4,False,SIMILARITY
NODE_CHLORTHALIDONE,NODE_TRIAMTERENE,CO_FORMULATED_WITH,RxNorm MIN co-formulation concept (392466),0.4,False,SIMILARITY
NODE_TRAMADOL,NODE_ACETAMINOPHEN,CO_FORMULATED_WITH,RxNorm MIN co-formulation concept (352362),0.4,False,SIMILARITY
NODE_TRAMADOL,NODE_CELECOXIB,CO_FORMULATED_WITH,RxNorm MIN co-formulation concept (2588474),0.4,False,SIMILARITY
NODE_FLUOXETINE,NODE_OLANZAPINE,CO_FORMULATED_WITH,RxNorm MIN co-formulation concept (611247),0.4,False,SIMILARITY
NODE_BUPROPION,NODE_DEXTROMETHORPHAN,CO_FORMULATED_WITH,RxNorm MIN co-formulation concept (2611256),0.4,False,SIMILARITY
NODE_BUPROPION,NODE_NALTREXONE,CO_FORMULATED_WITH,RxNorm MIN co-formulation concept (1551467),0.4,False,SIMILARITY
NODE_DONEPEZIL,NODE_MEMANTINE,CO_FORMULATED_WITH,RxNorm MIN co-formulation concept (1430990),0.4,False,SIMILARITY
NODE_HYDROXYZINE,NODE_THEOPHYLLINE,CO_FORMULATED_WITH,RxNorm MIN co-formulation concept (214541),0.4,False,SIMILARITY
NODE_DIAZEPAM,NODE_PERPHENAZINE,CO_FORMULATED_WITH,RxNorm MIN co-formulation concept (812477),0.4,False,SIMILARITY
NODE_DIAZEPAM,NODE_AMITRIPTYLINE,CO_FORMULATED_WITH,RxNorm MIN co-formulation concept (812477),0.4,False,SIMILARITY
NODE_DIAZEPAM,NODE_METOCLOPRAMIDE,CO_FORMULATED_WITH,RxNorm MIN co-formulation concept (818685),0.4,False,SIMILARITY
NODE_DIAZEPAM,NODE_HYOSCYAMINE,CO_FORMULATED_WITH,RxNorm MIN co-formulation concept (1008129),0.4,False,SIMILARITY
NODE_CHLORDIAZEPOXIDE,NODE_AMITRIPTYLINE,CO_FORMULATED_WITH,RxNorm MIN co-formulation concept (974990),0.4,False,SIMILARITY
NODE_CHLORDIAZEPOXIDE,NODE_DESIPRAMINE,CO_FORMULATED_WITH,RxNorm MIN co-formulation concept (817999),0.4,False,SIMILARITY
NODE_FLUPHENAZINE,NODE_NORTRIPTYLINE,CO_FORMULATED_WITH,RxNorm MIN co-formulation concept (644529),0.4,False,SIMILARITY
NODE_PERPHENAZINE,NODE_AMITRIPTYLINE,CO_FORMULATED_WITH,"RxNorm MIN co-formulation concept (812477, 1012360)",0.4,False,SIMILARITY
NODE_PERPHENAZINE,NODE_NORTRIPTYLINE,CO_FORMULATED_WITH,RxNorm MIN co-formulation concept (814600),0.4,False,SIMILARITY
NODE_LEVOTHYROXINE,NODE_LIOTHYRONINE,CO_FORMULATED_WITH,RxNorm MIN co-formulation concept (465675),0.4,False,SIMILARITY
NODE_METFORMIN,NODE_SITAGLIPTIN,CO_FORMULATED_WITH,RxNorm MIN co-formulation concept (729717),0.4,False,SIMILARITY
NODE_METFORMIN,NODE_GLIPIZIDE,CO_FORMULATED_WITH,RxNorm MIN co-formulation concept (352381),0.4,False,SIMILARITY
NODE_METFORMIN,NODE_EMPAGLIFLOZIN,CO_FORMULATED_WITH,"RxNorm MIN co-formulation concept (1664314, 2281864)",0.4,False,SIMILARITY
NODE_METFORMIN,NODE_DAPAGLIFLOZIN,CO_FORMULATED_WITH,"RxNorm MIN co-formulation concept (1486436, 2117292)",0.4,False,SIMILARITY
NODE_METFORMIN,NODE_PIOGLITAZONE,CO_FORMULATED_WITH,RxNorm MIN co-formulation concept (607999),0.4,False,SIMILARITY
NODE_METFORMIN,NODE_GLYBURIDE,CO_FORMULATED_WITH,RxNorm MIN co-formulation concept (285129),0.4,False,SIMILARITY
NODE_METFORMIN,NODE_REPAGLINIDE,CO_FORMULATED_WITH,RxNorm MIN co-formulation concept (802646),0.4,False,SIMILARITY
NODE_METFORMIN,NODE_CANAGLIFLOZIN,CO_FORMULATED_WITH,RxNorm MIN co-formulation concept (1545149),0.4,False,SIMILARITY
NODE_GLIMEPIRIDE,NODE_PIOGLITAZONE,CO_FORMULATED_WITH,RxNorm MIN co-formulation concept (647235),0.4,False,SIMILARITY
NODE_MEDROXYPROGESTERONE,NODE_ESTRADIOL,CO_FORMULATED_WITH,RxNorm MIN co-formulation concept (636632),0.4,False,SIMILARITY
NODE_HYDROCORTISONE,NODE_DIPHENHYDRAMINE,CO_FORMULATED_WITH,"RxNorm MIN co-formulation concept (690691, 2627295, 1537193)",0.4,False,SIMILARITY
NODE_HYDROCORTISONE,NODE_ATROPINE,CO_FORMULATED_WITH,RxNorm MIN co-formulation concept (1008192),0.4,False,SIMILARITY
NODE_HYDROCORTISONE,NODE_TRETINOIN,CO_FORMULATED_WITH,RxNorm MIN co-formulation concept (1651331),0.4,False,SIMILARITY
NODE_HYDROCORTISONE,NODE_CROTAMITON,CO_FORMULATED_WITH,RxNorm MIN co-formulation concept (106957),0.4,False,SIMILARITY
NODE_HYDROCORTISONE,NODE_ZINC SULFATE,CO_FORMULATED_WITH,"RxNorm MIN co-formulation concept (1009075, 1008114)",0.4,False,SIMILARITY
NODE_PREDNISONE,NODE_PIROXICAM,CO_FORMULATED_WITH,RxNorm MIN co-formulation concept (815961),0.4,False,SIMILARITY
NODE_DEXAMETHASONE,NODE_SODIUM PHOSPHATE,CO_FORMULATED_WITH,RxNorm MIN co-formulation concept (1009150),0.4,False,SIMILARITY
NODE_DEXAMETHASONE,NODE_THEOPHYLLINE,CO_FORMULATED_WITH,RxNorm MIN co-formulation concept (813683),0.4,False,SIMILARITY
NODE_DEXAMETHASONE,NODE_PHENYLEPHRINE,CO_FORMULATED_WITH,RxNorm MIN co-formulation concept (1008930),0.4,False,SIMILARITY
NODE_DEXAMETHASONE,NODE_IBUPROFEN,CO_FORMULATED_WITH,RxNorm MIN co-formulation concept (820465),0.4,False,SIMILARITY
NODE_DEXAMETHASONE,NODE_INDOMETHACIN,CO_FORMULATED_WITH,RxNorm MIN co-formulation concept (814504),0.4,False,SIMILARITY
NODE_DEXAMETHASONE,NODE_CARISOPRODOL,CO_FORMULATED_WITH,"RxNorm MIN co-formulation concept (820465, 822000)",0.4,False,SIMILARITY
NODE_TAMSULOSIN,NODE_DUTASTERIDE,CO_FORMULATED_WITH,RxNorm MIN co-formulation concept (1001472),0.4,False,SIMILARITY
NODE_ALENDRONATE,NODE_CHOLECALCIFEROL,CO_FORMULATED_WITH,RxNorm MIN co-formulation concept (1007560),0.4,False,SIMILARITY
NODE_CHOLECALCIFEROL,NODE_DOCUSATE,CO_FORMULATED_WITH,"RxNorm MIN co-formulation concept (1248141, 1100370, 1043299, 1313924, 1100257, 1944962, 1304510, 1007504, 1008307)",0.4,False,SIMILARITY
NODE_CHOLECALCIFEROL,NODE_CALCIUM GLUCONATE,CO_FORMULATED_WITH,RxNorm MIN co-formulation concept (1008800),0.4,False,SIMILARITY
NODE_CHOLECALCIFEROL,NODE_ZINC SULFATE,CO_FORMULATED_WITH,"RxNorm MIN co-formulation concept (2371753, 1008307)",0.4,False,SIMILARITY
NODE_LIOTHYRONINE,NODE_FLUMETHASONE,CO_FORMULATED_WITH,RxNorm MIN co-formulation concept (1008475),0.4,False,SIMILARITY
NODE_BUDESONIDE,NODE_GLYCOPYRROLATE,CO_FORMULATED_WITH,RxNorm MIN co-formulation concept (2387330),0.4,False,SIMILARITY
NODE_BUDESONIDE,NODE_ALBUTEROL,CO_FORMULATED_WITH,RxNorm MIN co-formulation concept (2632021),0.4,False,SIMILARITY
NODE_BUDESONIDE,NODE_FORMOTEROL,CO_FORMULATED_WITH,"RxNorm MIN co-formulation concept (2387330, 389132)",0.4,False,SIMILARITY
NODE_BETAMETHASONE,NODE_LORATADINE,CO_FORMULATED_WITH,RxNorm MIN co-formulation concept (819049),0.4,False,SIMILARITY
NODE_BETAMETHASONE,NODE_DICLOFENAC,CO_FORMULATED_WITH,RxNorm MIN co-formulation concept (1008651),0.4,False,SIMILARITY
NODE_BETAMETHASONE,NODE_TRETINOIN,CO_FORMULATED_WITH,RxNorm MIN co-formulation concept (1651569),0.4,False,SIMILARITY
NODE_BETAMETHASONE,NODE_CALCIPOTRIENE,CO_FORMULATED_WITH,RxNorm MIN co-formulation concept (690419),0.4,False,SIMILARITY
NODE_OMEPRAZOLE,NODE_SODIUM BICARBONATE,CO_FORMULATED_WITH,"RxNorm MIN co-formulation concept (617777, 645168)",0.4,False,SIMILARITY
NODE_ESOMEPRAZOLE,NODE_NAPROXEN,CO_FORMULATED_WITH,RxNorm MIN co-formulation concept (994202),0.4,False,SIMILARITY
NODE_FAMOTIDINE,NODE_IBUPROFEN,CO_FORMULATED_WITH,RxNorm MIN co-formulation concept (1100065),0.4,False,SIMILARITY
NODE_METOCLOPRAMIDE,NODE_ACETAMINOPHEN,CO_FORMULATED_WITH,RxNorm MIN co-formulation concept (392658),0.4,False,SIMILARITY
NODE_DOCUSATE,NODE_SENNA,CO_FORMULATED_WITH,RxNorm MIN co-formulation concept (1008340),0.4,False,SIMILARITY
NODE_DOCUSATE,NODE_ZINC SULFATE,CO_FORMULATED_WITH,RxNorm MIN co-formulation concept (1008307),0.4,False,SIMILARITY
NODE_PROMETHAZINE,NODE_CODEINE,CO_FORMULATED_WITH,"RxNorm MIN co-formulation concept (1007568, 214449, 214444, 1008315, 690095, 1008812)",0.4,False,SIMILARITY
NODE_PROMETHAZINE,NODE_GUAIFENESIN,CO_FORMULATED_WITH,RxNorm MIN co-formulation concept (1008315),0.4,False,SIMILARITY
NODE_PROMETHAZINE,NODE_DEXTROMETHORPHAN,CO_FORMULATED_WITH,"RxNorm MIN co-formulation concept (1008062, 214491)",0.4,False,SIMILARITY
NODE_PROMETHAZINE,NODE_PSEUDOEPHEDRINE,CO_FORMULATED_WITH,"RxNorm MIN co-formulation concept (690166, 689540)",0.4,False,SIMILARITY
NODE_PROMETHAZINE,NODE_PHENYLEPHRINE,CO_FORMULATED_WITH,"RxNorm MIN co-formulation concept (1007806, 214449, 1007568, 214769)",0.4,False,SIMILARITY
NODE_PROMETHAZINE,NODE_ACETAMINOPHEN,CO_FORMULATED_WITH,RxNorm MIN co-formulation concept (814486),0.4,False,SIMILARITY
NODE_PROMETHAZINE,NODE_MEPERIDINE,CO_FORMULATED_WITH,RxNorm MIN co-formulation concept (214699),0.4,False,SIMILARITY
NODE_PROMETHAZINE,NODE_PREDNISOLONE,CO_FORMULATED_WITH,RxNorm MIN co-formulation concept (1008864),0.4,False,SIMILARITY
NODE_HYOSCYAMINE,NODE_PSEUDOEPHEDRINE,CO_FORMULATED_WITH,"RxNorm MIN co-formulation concept (1007767, 1007162, 1008610)",0.4,False,SIMILARITY
NODE_HYOSCYAMINE,NODE_PHENYLEPHRINE,CO_FORMULATED_WITH,"RxNorm MIN co-formulation concept (1008931, 1007162, 689597, 1008610)",0.4,False,SIMILARITY
NODE_HYOSCYAMINE,NODE_ATROPINE,CO_FORMULATED_WITH,"RxNorm MIN co-formulation concept (689606, 1008931, 1007767, 1008965, 1008128, 1008610, 1007162, 689597, 1008367)",0.4,False,SIMILARITY
NODE_GLYCOPYRROLATE,NODE_FORMOTEROL,CO_FORMULATED_WITH,"RxNorm MIN co-formulation concept (1790638, 2387330, 2747290)",0.4,False,SIMILARITY
NODE_GLYCOPYRROLATE,NODE_BECLOMETHASONE,CO_FORMULATED_WITH,RxNorm MIN co-formulation concept (2747290),0.4,False,SIMILARITY
NODE_DIPHENOXYLATE,NODE_ATROPINE,CO_FORMULATED_WITH,RxNorm MIN co-formulation concept (594040),0.4,False,SIMILARITY
NODE_CHOLESTYRAMINE,NODE_DICLOFENAC,CO_FORMULATED_WITH,RxNorm MIN co-formulation concept (1009044),0.4,False,SIMILARITY
NODE_PEG3350,NODE_MAGNESIUM SULFATE,CO_FORMULATED_WITH,RxNorm MIN co-formulation concept (2641138),0.4,False,SIMILARITY
NODE_PEG3350,NODE_SODIUM BICARBONATE,CO_FORMULATED_WITH,"RxNorm MIN co-formulation concept (815308, 815276)",0.4,False,SIMILARITY
NODE_PEG3350,NODE_POTASSIUM CHLORIDE,CO_FORMULATED_WITH,"RxNorm MIN co-formulation concept (815308, 815276, 2045242, 2641138, 2045232, 1007544)",0.4,False,SIMILARITY
NODE_SODIUM PHOSPHATE,NODE_MAGNESIUM SULFATE,CO_FORMULATED_WITH,RxNorm MIN co-formulation concept (1008228),0.4,False,SIMILARITY
NODE_SODIUM PHOSPHATE,NODE_SODIUM BICARBONATE,CO_FORMULATED_WITH,RxNorm MIN co-formulation concept (818288),0.4,False,SIMILARITY
NODE_SODIUM PHOSPHATE,NODE_POTASSIUM CHLORIDE,CO_FORMULATED_WITH,"RxNorm MIN co-formulation concept (1007314, 1008228, 1007546)",0.4,False,SIMILARITY
NODE_SODIUM PHOSPHATE,NODE_MAGNESIUM CHLORIDE,CO_FORMULATED_WITH,"RxNorm MIN co-formulation concept (1007314, 1007546)",0.4,False,SIMILARITY
NODE_ALBUTEROL,NODE_IPRATROPIUM,CO_FORMULATED_WITH,RxNorm MIN co-formulation concept (214199),0.4,False,SIMILARITY
NODE_ALBUTEROL,NODE_THEOPHYLLINE,CO_FORMULATED_WITH,RxNorm MIN co-formulation concept (818865),0.4,False,SIMILARITY
NODE_ALBUTEROL,NODE_GUAIFENESIN,CO_FORMULATED_WITH,RxNorm MIN co-formulation concept (812737),0.4,False,SIMILARITY
NODE_FLUTICASONE,NODE_SALMETEROL,CO_FORMULATED_WITH,RxNorm MIN co-formulation concept (284635),0.4,False,SIMILARITY
NODE_FLUTICASONE,NODE_AZELASTINE,CO_FORMULATED_WITH,RxNorm MIN co-formulation concept (1291859),0.4,False,SIMILARITY
NODE_FLUTICASONE,NODE_UMECLIDINIUM,CO_FORMULATED_WITH,RxNorm MIN co-formulation concept (1945038),0.4,False,SIMILARITY
NODE_FLUTICASONE,NODE_VILANTEROL,CO_FORMULATED_WITH,"RxNorm MIN co-formulation concept (1945038, 1424888)",0.4,False,SIMILARITY
NODE_TIOTROPIUM,NODE_OLODATEROL,CO_FORMULATED_WITH,RxNorm MIN co-formulation concept (1658460),0.4,False,SIMILARITY
NODE_CETIRIZINE,NODE_PSEUDOEPHEDRINE,CO_FORMULATED_WITH,RxNorm MIN co-formulation concept (352367),0.4,False,SIMILARITY
NODE_LORATADINE,NODE_LEVOCETIRIZINE,CO_FORMULATED_WITH,RxNorm MIN co-formulation concept (1653939),0.4,False,SIMILARITY
NODE_LORATADINE,NODE_PSEUDOEPHEDRINE,CO_FORMULATED_WITH,"RxNorm MIN co-formulation concept (1008083, 214682)",0.4,False,SIMILARITY
NODE_LORATADINE,NODE_ACETAMINOPHEN,CO_FORMULATED_WITH,RxNorm MIN co-formulation concept (1008083),0.4,False,SIMILARITY
NODE_FEXOFENADINE,NODE_PSEUDOEPHEDRINE,CO_FORMULATED_WITH,RxNorm MIN co-formulation concept (214565),0.4,False,SIMILARITY
NODE_FORMOTEROL,NODE_ACLIDINIUM,CO_FORMULATED_WITH,RxNorm MIN co-formulation concept (2205093),0.4,False,SIMILARITY
NODE_FORMOTEROL,NODE_MOMETASONE,CO_FORMULATED_WITH,RxNorm MIN co-formulation concept (1002293),0.4,False,SIMILARITY
NODE_FORMOTEROL,NODE_BECLOMETHASONE,CO_FORMULATED_WITH,RxNorm MIN co-formulation concept (2747290),0.4,False,SIMILARITY
NODE_DIPHENHYDRAMINE,NODE_CODEINE,CO_FORMULATED_WITH,"RxNorm MIN co-formulation concept (818560, 834769)",0.4,False,SIMILARITY
NODE_DIPHENHYDRAMINE,NODE_GUAIFENESIN,CO_FORMULATED_WITH,"RxNorm MIN co-formulation concept (690690, 819002, 1664630, 815866)",0.4,False,SIMILARITY
NODE_DIPHENHYDRAMINE,NODE_DEXTROMETHORPHAN,CO_FORMULATED_WITH,"RxNorm MIN co-formulation concept (466566, 645246, 1008443, 1008252, 1664630, 1008802)",0.4,False,SIMILARITY
NODE_DIPHENHYDRAMINE,NODE_PSEUDOEPHEDRINE,CO_FORMULATED_WITH,"RxNorm MIN co-formulation concept (466566, 214512, 689786, 1008893)",0.4,False,SIMILARITY
NODE_DIPHENHYDRAMINE,NODE_PHENYLEPHRINE,CO_FORMULATED_WITH,"RxNorm MIN co-formulation concept (689785, 819002, 834774, 668889, 852898, 1008443, 1664630, 834769, 1008802, 1653138, 690693)",0.4,False,SIMILARITY
NODE_DIPHENHYDRAMINE,NODE_IBUPROFEN,CO_FORMULATED_WITH,RxNorm MIN co-formulation concept (644895),0.4,False,SIMILARITY
NODE_DIPHENHYDRAMINE,NODE_ACETAMINOPHEN,CO_FORMULATED_WITH,"RxNorm MIN co-formulation concept (813715, 1593109, 819002, 689786, 466566, 1008252, 1008893, 1664630, 1008802, 689785, 214181)",0.4,False,SIMILARITY
NODE_DIPHENHYDRAMINE,NODE_NAPROXEN,CO_FORMULATED_WITH,RxNorm MIN co-formulation concept (1550956),0.4,False,SIMILARITY
NODE_DIPHENHYDRAMINE,NODE_HYDROCODONE,CO_FORMULATED_WITH,RxNorm MIN co-formulation concept (668889),0.4,False,SIMILARITY
NODE_DESLORATADINE,NODE_PSEUDOEPHEDRINE,CO_FORMULATED_WITH,RxNorm MIN co-formulation concept (597501),0.4,False,SIMILARITY
NODE_OLOPATADINE,NODE_MOMETASONE,CO_FORMULATED_WITH,RxNorm MIN co-formulation concept (2591802),0.4,False,SIMILARITY
NODE_UMECLIDINIUM,NODE_VILANTEROL,CO_FORMULATED_WITH,"RxNorm MIN co-formulation concept (1945038, 1487518)",0.4,False,SIMILARITY
NODE_THEOPHYLLINE,NODE_GUAIFENESIN,CO_FORMULATED_WITH,"RxNorm MIN co-formulation concept (214540, 691226, 819684, 1007302, 214600, 690824)",0.4,False,SIMILARITY
NODE_THEOPHYLLINE,NODE_PSEUDOEPHEDRINE,CO_FORMULATED_WITH,RxNorm MIN co-formulation concept (819684),0.4,False,SIMILARITY
NODE_THEOPHYLLINE,NODE_TERBUTALINE,CO_FORMULATED_WITH,RxNorm MIN co-formulation concept (1008082),0.4,False,SIMILARITY
NODE_CODEINE,NODE_GUAIFENESIN,CO_FORMULATED_WITH,"RxNorm MIN co-formulation concept (689891, 466489, 1008871, 689888, 1008059, 1008315, 690085, 689769, 1007572, 214447, 690082, 214442)",0.4,False,SIMILARITY
NODE_CODEINE,NODE_PSEUDOEPHEDRINE,CO_FORMULATED_WITH,"RxNorm MIN co-formulation concept (1012123, 1190579, 466489, 817379, 214445, 214451, 880446, 466568, 690085, 818422, 690093, 1007572, 814483)",0.4,False,SIMILARITY
NODE_CODEINE,NODE_PHENYLEPHRINE,CO_FORMULATED_WITH,"RxNorm MIN co-formulation concept (802546, 1661318, 214449, 214450, 1008871, 689579, 690647, 690082, 690088, 1007568, 1008319, 818852, 690093, 689380, 1013615, 834769, 690804, 466512, 1147841, 689381)",0.4,False,SIMILARITY
NODE_CODEINE,NODE_IBUPROFEN,CO_FORMULATED_WITH,RxNorm MIN co-formulation concept (710303),0.4,False,SIMILARITY
NODE_CODEINE,NODE_ACETAMINOPHEN,CO_FORMULATED_WITH,"RxNorm MIN co-formulation concept (817579, 817379, 689555, 814657, 1008871, 1008554, 689563, 1007569, 817430, 689579, 689769, 1007572, 689552, 689568, 689561, 814483)",0.4,False,SIMILARITY
NODE_CODEINE,NODE_DICLOFENAC,CO_FORMULATED_WITH,RxNorm MIN co-formulation concept (1008110),0.4,False,SIMILARITY
NODE_CODEINE,NODE_CARISOPRODOL,CO_FORMULATED_WITH,RxNorm MIN co-formulation concept (689522),0.4,False,SIMILARITY
NODE_GUAIFENESIN,NODE_DEXTROMETHORPHAN,CO_FORMULATED_WITH,"RxNorm MIN co-formulation concept (1007527, 1009091, 689777, 1008393, 1653133, 1664630, 1008984, 815641, 2670534, 689775, 214488, 812410, 1009013, 1008255, 1008002, 689778, 214494, 1089042, 817555, 466556, 816433, 214495, 820044, 1743368, 1007525, 823294, 689387, 815192, 2737699, 815631, 689776)",0.4,False,SIMILARITY
NODE_GUAIFENESIN,NODE_PSEUDOEPHEDRINE,CO_FORMULATED_WITH,"RxNorm MIN co-formulation concept (690467, 1007527, 1009091, 466489, 1007499, 1007572, 404794, 802683, 880373, 214604, 1008255, 466529, 818689, 820369, 689778, 816433, 690811, 214495, 1007269, 819684, 814512, 214599, 214407, 690085, 1008836)",0.4,False,SIMILARITY
NODE_GUAIFENESIN,NODE_PHENYLEPHRINE,CO_FORMULATED_WITH,"RxNorm MIN co-formulation concept (214597, 818485, 1008871, 1008393, 880688, 631158, 689570, 1653133, 1664630, 690082, 284629, 819002, 214406, 1009013, 1008002, 1653154, 214494, 1089042, 404802, 1007364, 817497, 1743368, 689387, 1007901, 214603, 1048074, 466555, 1008836, 689776)",0.4,False,SIMILARITY
NODE_GUAIFENESIN,NODE_ACETAMINOPHEN,CO_FORMULATED_WITH,"RxNorm MIN co-formulation concept (2178938, 1008871, 689777, 631158, 689570, 1664630, 1007572, 689775, 819002, 689769, 817377, 1366507, 689778, 606096, 2178933, 1007269, 1743368, 1302427, 689776)",0.4,False,SIMILARITY
NODE_GUAIFENESIN,NODE_NAPROXEN,CO_FORMULATED_WITH,RxNorm MIN co-formulation concept (2737699),0.4,False,SIMILARITY
NODE_GUAIFENESIN,NODE_HYDROCODONE,CO_FORMULATED_WITH,"RxNorm MIN co-formulation concept (817612, 214594, 689458, 214603, 689455, 214604, 466529, 819306, 817497)",0.4,False,SIMILARITY
NODE_GUAIFENESIN,NODE_HYDROMORPHONE,CO_FORMULATED_WITH,RxNorm MIN co-formulation concept (689460),0.4,False,SIMILARITY
NODE_GUAIFENESIN,NODE_TERBUTALINE,CO_FORMULATED_WITH,RxNorm MIN co-formulation concept (817953),0.4,False,SIMILARITY
NODE_DEXTROMETHORPHAN,NODE_PSEUDOEPHEDRINE,CO_FORMULATED_WITH,"RxNorm MIN co-formulation concept (1007527, 690466, 1009091, 818931, 466431, 466524, 802573, 466566, 1190599, 214492, 1008255, 691217, 690808, 689582, 689778, 816433, 214495, 1094349, 1007141, 1008500, 466569)",0.4,False,SIMILARITY
NODE_DEXTROMETHORPHAN,NODE_PHENYLEPHRINE,CO_FORMULATED_WITH,"RxNorm MIN co-formulation concept (1008092, 1492051, 1008854, 689776, 1008349, 1053102, 1008393, 1653133, 1664630, 689580, 1008701, 689779, 1007050, 1648575, 827172, 214496, 2173661, 1009013, 1053120, 1008802, 1008002, 1427391, 1007336, 689389, 617568, 214494, 605570, 1089042, 705259, 1111420, 1008481, 1007904, 1743368, 1008443, 1008635, 689387, 466486, 1007759)",0.4,False,SIMILARITY
NODE_DEXTROMETHORPHAN,NODE_ACETAMINOPHEN,CO_FORMULATED_WITH,"RxNorm MIN co-formulation concept (689777, 466524, 1664630, 689580, 1008701, 689779, 689775, 466566, 2173661, 1007587, 1008802, 689582, 689778, 705258, 2173666, 705259, 214180, 1007119, 1743368, 1007141, 1008500, 466569, 1008252, 689780, 689776)",0.4,False,SIMILARITY
NODE_DEXTROMETHORPHAN,NODE_NAPROXEN,CO_FORMULATED_WITH,RxNorm MIN co-formulation concept (2737699),0.4,False,SIMILARITY
NODE_PSEUDOEPHEDRINE,NODE_PHENYLEPHRINE,CO_FORMULATED_WITH,"RxNorm MIN co-formulation concept (1008610, 690093, 1007162, 689750, 1008836, 1007084)",0.4,False,SIMILARITY
NODE_PSEUDOEPHEDRINE,NODE_IBUPROFEN,CO_FORMULATED_WITH,"RxNorm MIN co-formulation concept (404789, 214652)",0.4,False,SIMILARITY
NODE_PSEUDOEPHEDRINE,NODE_ACETAMINOPHEN,CO_FORMULATED_WITH,"RxNorm MIN co-formulation concept (466524, 815003, 214187, 1008893, 1008706, 1007572, 689802, 814483, 689786, 466566, 689582, 689778, 1008083, 689765, 1007269, 689558, 817379, 285036, 1007141, 1008500, 466569, 466517, 1008295)",0.4,False,SIMILARITY
NODE_PSEUDOEPHEDRINE,NODE_NAPROXEN,CO_FORMULATED_WITH,RxNorm MIN co-formulation concept (284641),0.4,False,SIMILARITY
NODE_PSEUDOEPHEDRINE,NODE_HYDROCODONE,CO_FORMULATED_WITH,"RxNorm MIN co-formulation concept (214631, 1008955, 404780, 214604, 284630, 700821, 466514, 466529, 1007084)",0.4,False,SIMILARITY
NODE_PSEUDOEPHEDRINE,NODE_ATROPINE,CO_FORMULATED_WITH,"RxNorm MIN co-formulation concept (689593, 1007767, 1007162, 1008610)",0.4,False,SIMILARITY
NODE_PHENYLEPHRINE,NODE_IBUPROFEN,CO_FORMULATED_WITH,"RxNorm MIN co-formulation concept (1310502, 1007329)",0.4,False,SIMILARITY
NODE_PHENYLEPHRINE,NODE_ACETAMINOPHEN,CO_FORMULATED_WITH,"RxNorm MIN co-formulation concept (689776, 689584, 617772, 1008871, 1008644, 631158, 689570, 1664630, 689579, 689580, 1006887, 1009140, 1008701, 689779, 817911, 819002, 819910, 2173661, 689585, 689583, 1008802, 1241828, 1007130, 689566, 705259, 813110, 1008298, 1743368, 214186, 689785)",0.4,False,SIMILARITY
NODE_PHENYLEPHRINE,NODE_HYDROCODONE,CO_FORMULATED_WITH,"RxNorm MIN co-formulation concept (607163, 214628, 1008298, 1007791, 214633, 668889, 672626, 607464, 214603, 214409, 1008793, 605572, 1007084, 817497)",0.4,False,SIMILARITY
NODE_PHENYLEPHRINE,NODE_KETOROLAC,CO_FORMULATED_WITH,RxNorm MIN co-formulation concept (1540229),0.4,False,SIMILARITY
NODE_PHENYLEPHRINE,NODE_PREDNISOLONE,CO_FORMULATED_WITH,"RxNorm MIN co-formulation concept (1007257, 689752)",0.4,False,SIMILARITY
NODE_PHENYLEPHRINE,NODE_CYCLOPENTOLATE,CO_FORMULATED_WITH,RxNorm MIN co-formulation concept (690312),0.4,False,SIMILARITY
NODE_PHENYLEPHRINE,NODE_TROPICAMIDE,CO_FORMULATED_WITH,RxNorm MIN co-formulation concept (814303),0.4,False,SIMILARITY
NODE_PHENYLEPHRINE,NODE_ATROPINE,CO_FORMULATED_WITH,"RxNorm MIN co-formulation concept (1008931, 1008644, 689598, 1008610, 1007162, 689597)",0.4,False,SIMILARITY
NODE_PHENYLEPHRINE,NODE_ZINC SULFATE,CO_FORMULATED_WITH,RxNorm MIN co-formulation concept (689757),0.4,False,SIMILARITY
NODE_IBUPROFEN,NODE_ACETAMINOPHEN,CO_FORMULATED_WITH,RxNorm MIN co-formulation concept (818102),0.4,False,SIMILARITY
NODE_IBUPROFEN,NODE_METHOCARBAMOL,CO_FORMULATED_WITH,RxNorm MIN co-formulation concept (1009037),0.4,False,SIMILARITY
NODE_IBUPROFEN,NODE_OXYCODONE,CO_FORMULATED_WITH,RxNorm MIN co-formulation concept (484259),0.4,False,SIMILARITY
NODE_IBUPROFEN,NODE_HYDROCODONE,CO_FORMULATED_WITH,RxNorm MIN co-formulation concept (214627),0.4,False,SIMILARITY
NODE_IBUPROFEN,NODE_CARISOPRODOL,CO_FORMULATED_WITH,"RxNorm MIN co-formulation concept (820465, 1007410)",0.4,False,SIMILARITY
NODE_IBUPROFEN,NODE_CHLORZOXAZONE,CO_FORMULATED_WITH,RxNorm MIN co-formulation concept (821036),0.4,False,SIMILARITY
NODE_ACETAMINOPHEN,NODE_NAPROXEN,CO_FORMULATED_WITH,RxNorm MIN co-formulation concept (1008561),0.4,False,SIMILARITY
NODE_ACETAMINOPHEN,NODE_DICLOFENAC,CO_FORMULATED_WITH,RxNorm MIN co-formulation concept (819516),0.4,False,SIMILARITY
NODE_ACETAMINOPHEN,NODE_METHOCARBAMOL,CO_FORMULATED_WITH,RxNorm MIN co-formulation concept (814386),0.4,False,SIMILARITY
NODE_ACETAMINOPHEN,NODE_OXYCODONE,CO_FORMULATED_WITH,RxNorm MIN co-formulation concept (214183),0.4,False,SIMILARITY
NODE_ACETAMINOPHEN,NODE_HYDROCODONE,CO_FORMULATED_WITH,"RxNorm MIN co-formulation concept (689562, 1008298, 689553, 214182)",0.4,False,SIMILARITY
NODE_ACETAMINOPHEN,NODE_PIROXICAM,CO_FORMULATED_WITH,RxNorm MIN co-formulation concept (818190),0.4,False,SIMILARITY
NODE_ACETAMINOPHEN,NODE_CARISOPRODOL,CO_FORMULATED_WITH,RxNorm MIN co-formulation concept (816583),0.4,False,SIMILARITY
NODE_ACETAMINOPHEN,NODE_ORPHENADRINE,CO_FORMULATED_WITH,RxNorm MIN co-formulation concept (814872),0.4,False,SIMILARITY
NODE_ACETAMINOPHEN,NODE_CHLORZOXAZONE,CO_FORMULATED_WITH,RxNorm MIN co-formulation concept (494309),0.4,False,SIMILARITY
NODE_ACETAMINOPHEN,NODE_MEPERIDINE,CO_FORMULATED_WITH,RxNorm MIN co-formulation concept (689788),0.4,False,SIMILARITY
NODE_ACETAMINOPHEN,NODE_ATROPINE,CO_FORMULATED_WITH,"RxNorm MIN co-formulation concept (689557, 1008644)",0.4,False,SIMILARITY
NODE_ACETAMINOPHEN,NODE_CALCIUM GLUCONATE,CO_FORMULATED_WITH,RxNorm MIN co-formulation concept (689551),0.4,False,SIMILARITY
NODE_MELOXICAM,NODE_RIZATRIPTAN,CO_FORMULATED_WITH,RxNorm MIN co-formulation concept (2710482),0.4,False,SIMILARITY
NODE_NAPROXEN,NODE_SUMATRIPTAN,CO_FORMULATED_WITH,RxNorm MIN co-formulation concept (797426),0.4,False,SIMILARITY
NODE_NAPROXEN,NODE_CARISOPRODOL,CO_FORMULATED_WITH,RxNorm MIN co-formulation concept (818929),0.4,False,SIMILARITY
NODE_NAPROXEN,NODE_MISOPROSTOL,CO_FORMULATED_WITH,RxNorm MIN co-formulation concept (106637),0.4,False,SIMILARITY
NODE_DICLOFENAC,NODE_CARISOPRODOL,CO_FORMULATED_WITH,RxNorm MIN co-formulation concept (1008452),0.4,False,SIMILARITY
NODE_DICLOFENAC,NODE_FLUOROURACIL,CO_FORMULATED_WITH,RxNorm MIN co-formulation concept (1600381),0.4,False,SIMILARITY
NODE_DICLOFENAC,NODE_MISOPROSTOL,CO_FORMULATED_WITH,RxNorm MIN co-formulation concept (214502),0.4,False,SIMILARITY
NODE_METHOCARBAMOL,NODE_INDOMETHACIN,CO_FORMULATED_WITH,RxNorm MIN co-formulation concept (1008069),0.4,False,SIMILARITY
NODE_ALLOPURINOL,NODE_COLCHICINE,CO_FORMULATED_WITH,RxNorm MIN co-formulation concept (813995),0.4,False,SIMILARITY
NODE_ALLOPURINOL,NODE_PROBENECID,CO_FORMULATED_WITH,RxNorm MIN co-formulation concept (815923),0.4,False,SIMILARITY
NODE_COLCHICINE,NODE_PROBENECID,CO_FORMULATED_WITH,RxNorm MIN co-formulation concept (214452),0.4,False,SIMILARITY
NODE_OXYCODONE,NODE_NALOXONE,CO_FORMULATED_WITH,RxNorm MIN co-formulation concept (1545902),0.4,False,SIMILARITY
NODE_OXYCODONE,NODE_NALTREXONE,CO_FORMULATED_WITH,RxNorm MIN co-formulation concept (1806700),0.4,False,SIMILARITY
NODE_MORPHINE,NODE_NALTREXONE,CO_FORMULATED_WITH,RxNorm MIN co-formulation concept (866331),0.4,False,SIMILARITY
NODE_MORPHINE,NODE_ATROPINE,CO_FORMULATED_WITH,RxNorm MIN co-formulation concept (689610),0.4,False,SIMILARITY
NODE_BUPRENORPHINE,NODE_NALOXONE,CO_FORMULATED_WITH,RxNorm MIN co-formulation concept (352364),0.4,False,SIMILARITY
NODE_SUMATRIPTAN,NODE_NARATRIPTAN,CO_FORMULATED_WITH,RxNorm MIN co-formulation concept (1007757),0.4,False,SIMILARITY
NODE_PIROXICAM,NODE_CARISOPRODOL,CO_FORMULATED_WITH,RxNorm MIN co-formulation concept (817105),0.4,False,SIMILARITY
NODE_PIROXICAM,NODE_ORPHENADRINE,CO_FORMULATED_WITH,RxNorm MIN co-formulation concept (819919),0.4,False,SIMILARITY
NODE_PIROXICAM,NODE_CHLORZOXAZONE,CO_FORMULATED_WITH,RxNorm MIN co-formulation concept (813792),0.4,False,SIMILARITY
NODE_HYDROMORPHONE,NODE_ATROPINE,CO_FORMULATED_WITH,RxNorm MIN co-formulation concept (1007561),0.4,False,SIMILARITY
NODE_MEPERIDINE,NODE_ATROPINE,CO_FORMULATED_WITH,RxNorm MIN co-formulation concept (689609),0.4,False,SIMILARITY
NODE_LATANOPROST,NODE_TIMOLOL,CO_FORMULATED_WITH,RxNorm MIN co-formulation concept (388053),0.4,False,SIMILARITY
NODE_TIMOLOL,NODE_BRIMONIDINE,CO_FORMULATED_WITH,RxNorm MIN co-formulation concept (597142),0.4,False,SIMILARITY
NODE_TIMOLOL,NODE_DORZOLAMIDE,CO_FORMULATED_WITH,RxNorm MIN co-formulation concept (662263),0.4,False,SIMILARITY
NODE_TIMOLOL,NODE_PILOCARPINE,CO_FORMULATED_WITH,RxNorm MIN co-formulation concept (812232),0.4,False,SIMILARITY
NODE_BRIMONIDINE,NODE_BRINZOLAMIDE,CO_FORMULATED_WITH,RxNorm MIN co-formulation concept (1421450),0.4,False,SIMILARITY
NODE_BETAXOLOL,NODE_PILOCARPINE,CO_FORMULATED_WITH,RxNorm MIN co-formulation concept (1008103),0.4,False,SIMILARITY
NODE_PREDNISOLONE,NODE_ATROPINE,CO_FORMULATED_WITH,RxNorm MIN co-formulation concept (689615),0.4,False,SIMILARITY
NODE_PREDNISOLONE,NODE_ESTRADIOL,CO_FORMULATED_WITH,RxNorm MIN co-formulation concept (1007263),0.4,False,SIMILARITY
NODE_TRETINOIN,NODE_FLUOCINOLONE,CO_FORMULATED_WITH,RxNorm MIN co-formulation concept (465680),0.4,False,SIMILARITY
NODE_TAZAROTENE,NODE_HALOBETASOL,CO_FORMULATED_WITH,RxNorm MIN co-formulation concept (2166088),0.4,False,SIMILARITY
NODE_CROTAMITON,NODE_FLUOCINOLONE,CO_FORMULATED_WITH,RxNorm MIN co-formulation concept (1008410),0.4,False,SIMILARITY
NODE_TESTOSTERONE,NODE_ESTRADIOL,CO_FORMULATED_WITH,RxNorm MIN co-formulation concept (214553),0.4,False,SIMILARITY
NODE_TESTOSTERONE,NODE_ESTRONE,CO_FORMULATED_WITH,RxNorm MIN co-formulation concept (692988),0.4,False,SIMILARITY
NODE_ESTRADIOL,NODE_ESTRIOL,CO_FORMULATED_WITH,"RxNorm MIN co-formulation concept (1007715, 1007941, 1008692)",0.4,False,SIMILARITY
NODE_ESTRADIOL,NODE_ESTRONE,CO_FORMULATED_WITH,RxNorm MIN co-formulation concept (818996),0.4,False,SIMILARITY
NODE_ESTRADIOL,NODE_ETHINYL ESTRADIOL,CO_FORMULATED_WITH,RxNorm MIN co-formulation concept (1008359),0.4,False,SIMILARITY
NODE_ESTRADIOL,NODE_NORETHINDRONE,CO_FORMULATED_WITH,"RxNorm MIN co-formulation concept (214551, 1007941, 2556806, 2371763)",0.4,False,SIMILARITY
NODE_ESTRADIOL,NODE_DROSPIRENONE,CO_FORMULATED_WITH,RxNorm MIN co-formulation concept (997923),0.4,False,SIMILARITY
NODE_ESTRADIOL,NODE_LEVONORGESTREL,CO_FORMULATED_WITH,"RxNorm MIN co-formulation concept (1008692, 1008359, 687333)",0.4,False,SIMILARITY
NODE_ESTRADIOL,NODE_NORGESTIMATE,CO_FORMULATED_WITH,RxNorm MIN co-formulation concept (261414),0.4,False,SIMILARITY
NODE_ESTRIOL,NODE_NORETHINDRONE,CO_FORMULATED_WITH,RxNorm MIN co-formulation concept (1007941),0.4,False,SIMILARITY
NODE_ESTRIOL,NODE_LEVONORGESTREL,CO_FORMULATED_WITH,RxNorm MIN co-formulation concept (1008692),0.4,False,SIMILARITY
NODE_ETHINYL ESTRADIOL,NODE_NORETHINDRONE,CO_FORMULATED_WITH,RxNorm MIN co-formulation concept (384410),0.4,False,SIMILARITY
NODE_ETHINYL ESTRADIOL,NODE_NORGESTREL,CO_FORMULATED_WITH,RxNorm MIN co-formulation concept (37075),0.4,False,SIMILARITY
NODE_ETHINYL ESTRADIOL,NODE_DESOGESTREL,CO_FORMULATED_WITH,RxNorm MIN co-formulation concept (324044),0.4,False,SIMILARITY
NODE_ETHINYL ESTRADIOL,NODE_DROSPIRENONE,CO_FORMULATED_WITH,"RxNorm MIN co-formulation concept (840781, 1013625)",0.4,False,SIMILARITY
NODE_ETHINYL ESTRADIOL,NODE_LEVONORGESTREL,CO_FORMULATED_WITH,"RxNorm MIN co-formulation concept (214558, 1008359)",0.4,False,SIMILARITY
NODE_ETHINYL ESTRADIOL,NODE_ETYNODIOL,CO_FORMULATED_WITH,RxNorm MIN co-formulation concept (214557),0.4,False,SIMILARITY
NODE_ETHINYL ESTRADIOL,NODE_NORGESTIMATE,CO_FORMULATED_WITH,RxNorm MIN co-formulation concept (214559),0.4,False,SIMILARITY
NODE_MAGNESIUM SULFATE,NODE_POTASSIUM CHLORIDE,CO_FORMULATED_WITH,"RxNorm MIN co-formulation concept (2465552, 1008228, 2641138)",0.4,False,SIMILARITY
NODE_MAGNESIUM SULFATE,NODE_ZINC SULFATE,CO_FORMULATED_WITH,"RxNorm MIN co-formulation concept (1314653, 1007316, 1314785, 1007251, 1007896, 1314665)",0.4,False,SIMILARITY
NODE_SODIUM BICARBONATE,NODE_POTASSIUM CHLORIDE,CO_FORMULATED_WITH,"RxNorm MIN co-formulation concept (1007071, 815308, 815276)",0.4,False,SIMILARITY
NODE_SODIUM BICARBONATE,NODE_MAGNESIUM CHLORIDE,CO_FORMULATED_WITH,"RxNorm MIN co-formulation concept (1008784, 1007071)",0.4,False,SIMILARITY
NODE_POTASSIUM CHLORIDE,NODE_MAGNESIUM CHLORIDE,CO_FORMULATED_WITH,"RxNorm MIN co-formulation concept (1007995, 1008283, 1008929, 1009072, 1007748, 1008782, 1007071, 1007313, 1007749, 1007776, 1007530, 1008699, 1007546, 1007314, 1007994, 1007721, 1009141, 1007526, 1007338)",0.4,False,SIMILARITY
NODE_AZITHROMYCIN,NODE_DOXYCYCLINE,SAME_THERAPEUTIC_CATEGORY,FDA Open Data Therapeutic Category,0.2,False,SIMILARITY
NODE_AZITHROMYCIN,NODE_CLINDAMYCIN,SAME_THERAPEUTIC_CATEGORY,FDA Open Data Therapeutic Category,0.2,False,SIMILARITY
NODE_AZITHROMYCIN,NODE_METRONIDAZOLE,SAME_THERAPEUTIC_CATEGORY,FDA Open Data Therapeutic Category,0.2,False,SIMILARITY
NODE_AZITHROMYCIN,NODE_NITROFURANTOIN,SAME_THERAPEUTIC_CATEGORY,FDA Open Data Therapeutic Category,0.2,False,SIMILARITY
NODE_AZITHROMYCIN,NODE_VANCOMYCIN,SAME_THERAPEUTIC_CATEGORY,FDA Open Data Therapeutic Category,0.2,False,SIMILARITY
NODE_AZITHROMYCIN,NODE_PENICILLIN,SAME_THERAPEUTIC_CATEGORY,FDA Open Data Therapeutic Category,0.2,False,SIMILARITY
NODE_AZITHROMYCIN,NODE_ITRACONAZOLE,SAME_THERAPEUTIC_CATEGORY,FDA Open Data Therapeutic Category,0.2,False,SIMILARITY
NODE_AZITHROMYCIN,NODE_CEFEPIME,SAME_THERAPEUTIC_CATEGORY,FDA Open Data Therapeutic Category,0.2,False,SIMILARITY
NODE_AZITHROMYCIN,NODE_AMPICILLIN,SAME_THERAPEUTIC_CATEGORY,FDA Open Data Therapeutic Category,0.2,False,SIMILARITY
NODE_AZITHROMYCIN,NODE_PIPERACILLIN,SAME_THERAPEUTIC_CATEGORY,FDA Open Data Therapeutic Category,0.2,False,SIMILARITY
NODE_AZITHROMYCIN,NODE_TOBRAMYCIN,SAME_THERAPEUTIC_CATEGORY,FDA Open Data Therapeutic Category,0.2,False,SIMILARITY
NODE_AZITHROMYCIN,NODE_MOXIFLOXACIN,SAME_THERAPEUTIC_CATEGORY,FDA Open Data Therapeutic Category,0.2,False,SIMILARITY
NODE_AZITHROMYCIN,NODE_RIFAMPIN,SAME_THERAPEUTIC_CATEGORY,FDA Open Data Therapeutic Category,0.2,False,SIMILARITY
NODE_AZITHROMYCIN,NODE_DAPTOMYCIN,SAME_THERAPEUTIC_CATEGORY,FDA Open Data Therapeutic Category,0.2,False,SIMILARITY
NODE_DOXYCYCLINE,NODE_CLINDAMYCIN,SAME_THERAPEUTIC_CATEGORY,FDA Open Data Therapeutic Category,0.2,False,SIMILARITY
NODE_DOXYCYCLINE,NODE_METRONIDAZOLE,SAME_THERAPEUTIC_CATEGORY,FDA Open Data Therapeutic Category,0.2,False,SIMILARITY
NODE_DOXYCYCLINE,NODE_NITROFURANTOIN,SAME_THERAPEUTIC_CATEGORY,FDA Open Data Therapeutic Category,0.2,False,SIMILARITY
NODE_DOXYCYCLINE,NODE_VANCOMYCIN,SAME_THERAPEUTIC_CATEGORY,FDA Open Data Therapeutic Category,0.2,False,SIMILARITY
NODE_DOXYCYCLINE,NODE_PENICILLIN,SAME_THERAPEUTIC_CATEGORY,FDA Open Data Therapeutic Category,0.2,False,SIMILARITY
NODE_DOXYCYCLINE,NODE_ITRACONAZOLE,SAME_THERAPEUTIC_CATEGORY,FDA Open Data Therapeutic Category,0.2,False,SIMILARITY
NODE_DOXYCYCLINE,NODE_CEFEPIME,SAME_THERAPEUTIC_CATEGORY,FDA Open Data Therapeutic Category,0.2,False,SIMILARITY
NODE_DOXYCYCLINE,NODE_AMPICILLIN,SAME_THERAPEUTIC_CATEGORY,FDA Open Data Therapeutic Category,0.2,False,SIMILARITY
NODE_DOXYCYCLINE,NODE_PIPERACILLIN,SAME_THERAPEUTIC_CATEGORY,FDA Open Data Therapeutic Category,0.2,False,SIMILARITY
NODE_DOXYCYCLINE,NODE_TOBRAMYCIN,SAME_THERAPEUTIC_CATEGORY,FDA Open Data Therapeutic Category,0.2,False,SIMILARITY
NODE_DOXYCYCLINE,NODE_MOXIFLOXACIN,SAME_THERAPEUTIC_CATEGORY,FDA Open Data Therapeutic Category,0.2,False,SIMILARITY
NODE_DOXYCYCLINE,NODE_RIFAMPIN,SAME_THERAPEUTIC_CATEGORY,FDA Open Data Therapeutic Category,0.2,False,SIMILARITY
NODE_DOXYCYCLINE,NODE_DAPTOMYCIN,SAME_THERAPEUTIC_CATEGORY,FDA Open Data Therapeutic Category,0.2,False,SIMILARITY
NODE_CLINDAMYCIN,NODE_METRONIDAZOLE,SAME_THERAPEUTIC_CATEGORY,FDA Open Data Therapeutic Category,0.2,False,SIMILARITY
NODE_CLINDAMYCIN,NODE_NITROFURANTOIN,SAME_THERAPEUTIC_CATEGORY,FDA Open Data Therapeutic Category,0.2,False,SIMILARITY
NODE_CLINDAMYCIN,NODE_VANCOMYCIN,SAME_THERAPEUTIC_CATEGORY,FDA Open Data Therapeutic Category,0.2,False,SIMILARITY
NODE_CLINDAMYCIN,NODE_PENICILLIN,SAME_THERAPEUTIC_CATEGORY,FDA Open Data Therapeutic Category,0.2,False,SIMILARITY
NODE_CLINDAMYCIN,NODE_ITRACONAZOLE,SAME_THERAPEUTIC_CATEGORY,FDA Open Data Therapeutic Category,0.2,False,SIMILARITY
NODE_CLINDAMYCIN,NODE_CEFEPIME,SAME_THERAPEUTIC_CATEGORY,FDA Open Data Therapeutic Category,0.2,False,SIMILARITY
NODE_CLINDAMYCIN,NODE_AMPICILLIN,SAME_THERAPEUTIC_CATEGORY,FDA Open Data Therapeutic Category,0.2,False,SIMILARITY
NODE_CLINDAMYCIN,NODE_PIPERACILLIN,SAME_THERAPEUTIC_CATEGORY,FDA Open Data Therapeutic Category,0.2,False,SIMILARITY
NODE_CLINDAMYCIN,NODE_TOBRAMYCIN,SAME_THERAPEUTIC_CATEGORY,FDA Open Data Therapeutic Category,0.2,False,SIMILARITY
NODE_CLINDAMYCIN,NODE_MOXIFLOXACIN,SAME_THERAPEUTIC_CATEGORY,FDA Open Data Therapeutic Category,0.2,False,SIMILARITY
NODE_CLINDAMYCIN,NODE_RIFAMPIN,SAME_THERAPEUTIC_CATEGORY,FDA Open Data Therapeutic Category,0.2,False,SIMILARITY
NODE_CLINDAMYCIN,NODE_DAPTOMYCIN,SAME_THERAPEUTIC_CATEGORY,FDA Open Data Therapeutic Category,0.2,False,SIMILARITY
NODE_METRONIDAZOLE,NODE_NITROFURANTOIN,SAME_THERAPEUTIC_CATEGORY,FDA Open Data Therapeutic Category,0.2,False,SIMILARITY
NODE_METRONIDAZOLE,NODE_VANCOMYCIN,SAME_THERAPEUTIC_CATEGORY,FDA Open Data Therapeutic Category,0.2,False,SIMILARITY
NODE_METRONIDAZOLE,NODE_PENICILLIN,SAME_THERAPEUTIC_CATEGORY,FDA Open Data Therapeutic Category,0.2,False,SIMILARITY
NODE_METRONIDAZOLE,NODE_ITRACONAZOLE,SAME_THERAPEUTIC_CATEGORY,FDA Open Data Therapeutic Category,0.2,False,SIMILARITY
NODE_METRONIDAZOLE,NODE_CEFEPIME,SAME_THERAPEUTIC_CATEGORY,FDA Open Data Therapeutic Category,0.2,False,SIMILARITY
NODE_METRONIDAZOLE,NODE_AMPICILLIN,SAME_THERAPEUTIC_CATEGORY,FDA Open Data Therapeutic Category,0.2,False,SIMILARITY
NODE_METRONIDAZOLE,NODE_PIPERACILLIN,SAME_THERAPEUTIC_CATEGORY,FDA Open Data Therapeutic Category,0.2,False,SIMILARITY
NODE_METRONIDAZOLE,NODE_TOBRAMYCIN,SAME_THERAPEUTIC_CATEGORY,FDA Open Data Therapeutic Category,0.2,False,SIMILARITY
NODE_METRONIDAZOLE,NODE_MOXIFLOXACIN,SAME_THERAPEUTIC_CATEGORY,FDA Open Data Therapeutic Category,0.2,False,SIMILARITY
NODE_METRONIDAZOLE,NODE_RIFAMPIN,SAME_THERAPEUTIC_CATEGORY,FDA Open Data Therapeutic Category,0.2,False,SIMILARITY
NODE_METRONIDAZOLE,NODE_DAPTOMYCIN,SAME_THERAPEUTIC_CATEGORY,FDA Open Data Therapeutic Category,0.2,False,SIMILARITY
NODE_NITROFURANTOIN,NODE_VANCOMYCIN,SAME_THERAPEUTIC_CATEGORY,FDA Open Data Therapeutic Category,0.2,False,SIMILARITY
NODE_NITROFURANTOIN,NODE_PENICILLIN,SAME_THERAPEUTIC_CATEGORY,FDA Open Data Therapeutic Category,0.2,False,SIMILARITY
NODE_NITROFURANTOIN,NODE_ITRACONAZOLE,SAME_THERAPEUTIC_CATEGORY,FDA Open Data Therapeutic Category,0.2,False,SIMILARITY
NODE_NITROFURANTOIN,NODE_CEFEPIME,SAME_THERAPEUTIC_CATEGORY,FDA Open Data Therapeutic Category,0.2,False,SIMILARITY
NODE_NITROFURANTOIN,NODE_AMPICILLIN,SAME_THERAPEUTIC_CATEGORY,FDA Open Data Therapeutic Category,0.2,False,SIMILARITY
NODE_NITROFURANTOIN,NODE_PIPERACILLIN,SAME_THERAPEUTIC_CATEGORY,FDA Open Data Therapeutic Category,0.2,False,SIMILARITY
NODE_NITROFURANTOIN,NODE_TOBRAMYCIN,SAME_THERAPEUTIC_CATEGORY,FDA Open Data Therapeutic Category,0.2,False,SIMILARITY
NODE_NITROFURANTOIN,NODE_MOXIFLOXACIN,SAME_THERAPEUTIC_CATEGORY,FDA Open Data Therapeutic Category,0.2,False,SIMILARITY
NODE_NITROFURANTOIN,NODE_RIFAMPIN,SAME_THERAPEUTIC_CATEGORY,FDA Open Data Therapeutic Category,0.2,False,SIMILARITY
NODE_NITROFURANTOIN,NODE_DAPTOMYCIN,SAME_THERAPEUTIC_CATEGORY,FDA Open Data Therapeutic Category,0.2,False,SIMILARITY
NODE_VANCOMYCIN,NODE_PENICILLIN,SAME_THERAPEUTIC_CATEGORY,FDA Open Data Therapeutic Category,0.2,False,SIMILARITY
NODE_VANCOMYCIN,NODE_ITRACONAZOLE,SAME_THERAPEUTIC_CATEGORY,FDA Open Data Therapeutic Category,0.2,False,SIMILARITY
NODE_VANCOMYCIN,NODE_CEFEPIME,SAME_THERAPEUTIC_CATEGORY,FDA Open Data Therapeutic Category,0.2,False,SIMILARITY
NODE_VANCOMYCIN,NODE_AMPICILLIN,SAME_THERAPEUTIC_CATEGORY,FDA Open Data Therapeutic Category,0.2,False,SIMILARITY
NODE_VANCOMYCIN,NODE_PIPERACILLIN,SAME_THERAPEUTIC_CATEGORY,FDA Open Data Therapeutic Category,0.2,False,SIMILARITY
NODE_VANCOMYCIN,NODE_TOBRAMYCIN,SAME_THERAPEUTIC_CATEGORY,FDA Open Data Therapeutic Category,0.2,False,SIMILARITY
NODE_VANCOMYCIN,NODE_MOXIFLOXACIN,SAME_THERAPEUTIC_CATEGORY,FDA Open Data Therapeutic Category,0.2,False,SIMILARITY
NODE_VANCOMYCIN,NODE_RIFAMPIN,SAME_THERAPEUTIC_CATEGORY,FDA Open Data Therapeutic Category,0.2,False,SIMILARITY
NODE_VANCOMYCIN,NODE_DAPTOMYCIN,SAME_THERAPEUTIC_CATEGORY,FDA Open Data Therapeutic Category,0.2,False,SIMILARITY
NODE_PENICILLIN,NODE_ITRACONAZOLE,SAME_THERAPEUTIC_CATEGORY,FDA Open Data Therapeutic Category,0.2,False,SIMILARITY
NODE_PENICILLIN,NODE_CEFEPIME,SAME_THERAPEUTIC_CATEGORY,FDA Open Data Therapeutic Category,0.2,False,SIMILARITY
NODE_PENICILLIN,NODE_AMPICILLIN,SAME_THERAPEUTIC_CATEGORY,FDA Open Data Therapeutic Category,0.2,False,SIMILARITY
NODE_PENICILLIN,NODE_PIPERACILLIN,SAME_THERAPEUTIC_CATEGORY,FDA Open Data Therapeutic Category,0.2,False,SIMILARITY
NODE_PENICILLIN,NODE_TOBRAMYCIN,SAME_THERAPEUTIC_CATEGORY,FDA Open Data Therapeutic Category,0.2,False,SIMILARITY
NODE_PENICILLIN,NODE_MOXIFLOXACIN,SAME_THERAPEUTIC_CATEGORY,FDA Open Data Therapeutic Category,0.2,False,SIMILARITY
NODE_PENICILLIN,NODE_RIFAMPIN,SAME_THERAPEUTIC_CATEGORY,FDA Open Data Therapeutic Category,0.2,False,SIMILARITY
NODE_PENICILLIN,NODE_DAPTOMYCIN,SAME_THERAPEUTIC_CATEGORY,FDA Open Data Therapeutic Category,0.2,False,SIMILARITY
NODE_ITRACONAZOLE,NODE_CEFEPIME,SAME_THERAPEUTIC_CATEGORY,FDA Open Data Therapeutic Category,0.2,False,SIMILARITY
NODE_ITRACONAZOLE,NODE_AMPICILLIN,SAME_THERAPEUTIC_CATEGORY,FDA Open Data Therapeutic Category,0.2,False,SIMILARITY
NODE_ITRACONAZOLE,NODE_PIPERACILLIN,SAME_THERAPEUTIC_CATEGORY,FDA Open Data Therapeutic Category,0.2,False,SIMILARITY
NODE_ITRACONAZOLE,NODE_TOBRAMYCIN,SAME_THERAPEUTIC_CATEGORY,FDA Open Data Therapeutic Category,0.2,False,SIMILARITY
NODE_ITRACONAZOLE,NODE_MOXIFLOXACIN,SAME_THERAPEUTIC_CATEGORY,FDA Open Data Therapeutic Category,0.2,False,SIMILARITY
NODE_ITRACONAZOLE,NODE_RIFAMPIN,SAME_THERAPEUTIC_CATEGORY,FDA Open Data Therapeutic Category,0.2,False,SIMILARITY
NODE_ITRACONAZOLE,NODE_DAPTOMYCIN,SAME_THERAPEUTIC_CATEGORY,FDA Open Data Therapeutic Category,0.2,False,SIMILARITY
NODE_CEFEPIME,NODE_AMPICILLIN,SAME_THERAPEUTIC_CATEGORY,FDA Open Data Therapeutic Category,0.2,False,SIMILARITY
NODE_CEFEPIME,NODE_PIPERACILLIN,SAME_THERAPEUTIC_CATEGORY,FDA Open Data Therapeutic Category,0.2,False,SIMILARITY
NODE_CEFEPIME,NODE_TOBRAMYCIN,SAME_THERAPEUTIC_CATEGORY,FDA Open Data Therapeutic Category,0.2,False,SIMILARITY
NODE_CEFEPIME,NODE_MOXIFLOXACIN,SAME_THERAPEUTIC_CATEGORY,FDA Open Data Therapeutic Category,0.2,False,SIMILARITY
NODE_CEFEPIME,NODE_RIFAMPIN,SAME_THERAPEUTIC_CATEGORY,FDA Open Data Therapeutic Category,0.2,False,SIMILARITY
NODE_CEFEPIME,NODE_DAPTOMYCIN,SAME_THERAPEUTIC_CATEGORY,FDA Open Data Therapeutic Category,0.2,False,SIMILARITY
NODE_AMPICILLIN,NODE_PIPERACILLIN,SAME_THERAPEUTIC_CATEGORY,FDA Open Data Therapeutic Category,0.2,False,SIMILARITY
NODE_AMPICILLIN,NODE_TOBRAMYCIN,SAME_THERAPEUTIC_CATEGORY,FDA Open Data Therapeutic Category,0.2,False,SIMILARITY
NODE_AMPICILLIN,NODE_MOXIFLOXACIN,SAME_THERAPEUTIC_CATEGORY,FDA Open Data Therapeutic Category,0.2,False,SIMILARITY
NODE_AMPICILLIN,NODE_RIFAMPIN,SAME_THERAPEUTIC_CATEGORY,FDA Open Data Therapeutic Category,0.2,False,SIMILARITY
NODE_AMPICILLIN,NODE_DAPTOMYCIN,SAME_THERAPEUTIC_CATEGORY,FDA Open Data Therapeutic Category,0.2,False,SIMILARITY
NODE_PIPERACILLIN,NODE_TOBRAMYCIN,SAME_THERAPEUTIC_CATEGORY,FDA Open Data Therapeutic Category,0.2,False,SIMILARITY
NODE_PIPERACILLIN,NODE_MOXIFLOXACIN,SAME_THERAPEUTIC_CATEGORY,FDA Open Data Therapeutic Category,0.2,False,SIMILARITY
NODE_PIPERACILLIN,NODE_RIFAMPIN,SAME_THERAPEUTIC_CATEGORY,FDA Open Data Therapeutic Category,0.2,False,SIMILARITY
NODE_PIPERACILLIN,NODE_DAPTOMYCIN,SAME_THERAPEUTIC_CATEGORY,FDA Open Data Therapeutic Category,0.2,False,SIMILARITY
NODE_TOBRAMYCIN,NODE_MOXIFLOXACIN,SAME_THERAPEUTIC_CATEGORY,FDA Open Data Therapeutic Category,0.2,False,SIMILARITY
NODE_TOBRAMYCIN,NODE_RIFAMPIN,SAME_THERAPEUTIC_CATEGORY,FDA Open Data Therapeutic Category,0.2,False,SIMILARITY
NODE_TOBRAMYCIN,NODE_DAPTOMYCIN,SAME_THERAPEUTIC_CATEGORY,FDA Open Data Therapeutic Category,0.2,False,SIMILARITY
NODE_MOXIFLOXACIN,NODE_RIFAMPIN,SAME_THERAPEUTIC_CATEGORY,FDA Open Data Therapeutic Category,0.2,False,SIMILARITY
NODE_MOXIFLOXACIN,NODE_DAPTOMYCIN,SAME_THERAPEUTIC_CATEGORY,FDA Open Data Therapeutic Category,0.2,False,SIMILARITY
NODE_RIFAMPIN,NODE_DAPTOMYCIN,SAME_THERAPEUTIC_CATEGORY,FDA Open Data Therapeutic Category,0.2,False,SIMILARITY
NODE_OSELTAMIVIR,NODE_VORICONAZOLE,SAME_THERAPEUTIC_CATEGORY,FDA Open Data Therapeutic Category,0.2,False,SIMILARITY
NODE_DAPSONE,NODE_DEXAMETHASONE,SAME_THERAPEUTIC_CATEGORY,FDA Open Data Therapeutic Category,0.2,False,SIMILARITY
NODE_METOPROLOL,NODE_HYDROCHLOROTHIAZIDE,SAME_THERAPEUTIC_CATEGORY,FDA Open Data Therapeutic Category,0.2,False,SIMILARITY
NODE_METOPROLOL,NODE_FUROSEMIDE,SAME_THERAPEUTIC_CATEGORY,FDA Open Data Therapeutic Category,0.2,False,SIMILARITY
NODE_METOPROLOL,NODE_SPIRONOLACTONE,SAME_THERAPEUTIC_CATEGORY,FDA Open Data Therapeutic Category,0.2,False,SIMILARITY
NODE_METOPROLOL,NODE_VALSARTAN,SAME_THERAPEUTIC_CATEGORY,FDA Open Data Therapeutic Category,0.2,False,SIMILARITY
NODE_METOPROLOL,NODE_DILTIAZEM,SAME_THERAPEUTIC_CATEGORY,FDA Open Data Therapeutic Category,0.2,False,SIMILARITY
NODE_METOPROLOL,NODE_VERAPAMIL,SAME_THERAPEUTIC_CATEGORY,FDA Open Data Therapeutic Category,0.2,False,SIMILARITY
NODE_METOPROLOL,NODE_PROPRANOLOL,SAME_THERAPEUTIC_CATEGORY,FDA Open Data Therapeutic Category,0.2,False,SIMILARITY
NODE_METOPROLOL,NODE_NEBIVOLOL,SAME_THERAPEUTIC_CATEGORY,FDA Open Data Therapeutic Category,0.2,False,SIMILARITY
NODE_METOPROLOL,NODE_BUMETANIDE,SAME_THERAPEUTIC_CATEGORY,FDA Open Data Therapeutic Category,0.2,False,SIMILARITY
NODE_METOPROLOL,NODE_DOBUTAMINE,SAME_THERAPEUTIC_CATEGORY,FDA Open Data Therapeutic Category,0.2,False,SIMILARITY
NODE_METOPROLOL,NODE_DOPAMINE,SAME_THERAPEUTIC_CATEGORY,FDA Open Data Therapeutic Category,0.2,False,SIMILARITY
NODE_HYDROCHLOROTHIAZIDE,NODE_FUROSEMIDE,SAME_THERAPEUTIC_CATEGORY,FDA Open Data Therapeutic Category,0.2,False,SIMILARITY
NODE_HYDROCHLOROTHIAZIDE,NODE_SPIRONOLACTONE,SAME_THERAPEUTIC_CATEGORY,FDA Open Data Therapeutic Category,0.2,False,SIMILARITY
NODE_HYDROCHLOROTHIAZIDE,NODE_VALSARTAN,SAME_THERAPEUTIC_CATEGORY,FDA Open Data Therapeutic Category,0.2,False,SIMILARITY
NODE_HYDROCHLOROTHIAZIDE,NODE_DILTIAZEM,SAME_THERAPEUTIC_CATEGORY,FDA Open Data Therapeutic Category,0.2,False,SIMILARITY
NODE_HYDROCHLOROTHIAZIDE,NODE_VERAPAMIL,SAME_THERAPEUTIC_CATEGORY,FDA Open Data Therapeutic Category,0.2,False,SIMILARITY
NODE_HYDROCHLOROTHIAZIDE,NODE_PROPRANOLOL,SAME_THERAPEUTIC_CATEGORY,FDA Open Data Therapeutic Category,0.2,False,SIMILARITY
NODE_HYDROCHLOROTHIAZIDE,NODE_NEBIVOLOL,SAME_THERAPEUTIC_CATEGORY,FDA Open Data Therapeutic Category,0.2,False,SIMILARITY
NODE_HYDROCHLOROTHIAZIDE,NODE_BUMETANIDE,SAME_THERAPEUTIC_CATEGORY,FDA Open Data Therapeutic Category,0.2,False,SIMILARITY
NODE_HYDROCHLOROTHIAZIDE,NODE_DOBUTAMINE,SAME_THERAPEUTIC_CATEGORY,FDA Open Data Therapeutic Category,0.2,False,SIMILARITY
NODE_HYDROCHLOROTHIAZIDE,NODE_DOPAMINE,SAME_THERAPEUTIC_CATEGORY,FDA Open Data Therapeutic Category,0.2,False,SIMILARITY
NODE_FUROSEMIDE,NODE_SPIRONOLACTONE,SAME_THERAPEUTIC_CATEGORY,FDA Open Data Therapeutic Category,0.2,False,SIMILARITY
NODE_FUROSEMIDE,NODE_VALSARTAN,SAME_THERAPEUTIC_CATEGORY,FDA Open Data Therapeutic Category,0.2,False,SIMILARITY
NODE_FUROSEMIDE,NODE_DILTIAZEM,SAME_THERAPEUTIC_CATEGORY,FDA Open Data Therapeutic Category,0.2,False,SIMILARITY
NODE_FUROSEMIDE,NODE_VERAPAMIL,SAME_THERAPEUTIC_CATEGORY,FDA Open Data Therapeutic Category,0.2,False,SIMILARITY
NODE_FUROSEMIDE,NODE_PROPRANOLOL,SAME_THERAPEUTIC_CATEGORY,FDA Open Data Therapeutic Category,0.2,False,SIMILARITY
NODE_FUROSEMIDE,NODE_NEBIVOLOL,SAME_THERAPEUTIC_CATEGORY,FDA Open Data Therapeutic Category,0.2,False,SIMILARITY
NODE_FUROSEMIDE,NODE_BUMETANIDE,SAME_THERAPEUTIC_CATEGORY,FDA Open Data Therapeutic Category,0.2,False,SIMILARITY
NODE_FUROSEMIDE,NODE_DOBUTAMINE,SAME_THERAPEUTIC_CATEGORY,FDA Open Data Therapeutic Category,0.2,False,SIMILARITY
NODE_FUROSEMIDE,NODE_DOPAMINE,SAME_THERAPEUTIC_CATEGORY,FDA Open Data Therapeutic Category,0.2,False,SIMILARITY
NODE_SPIRONOLACTONE,NODE_VALSARTAN,SAME_THERAPEUTIC_CATEGORY,FDA Open Data Therapeutic Category,0.2,False,SIMILARITY
NODE_SPIRONOLACTONE,NODE_DILTIAZEM,SAME_THERAPEUTIC_CATEGORY,FDA Open Data Therapeutic Category,0.2,False,SIMILARITY
NODE_SPIRONOLACTONE,NODE_VERAPAMIL,SAME_THERAPEUTIC_CATEGORY,FDA Open Data Therapeutic Category,0.2,False,SIMILARITY
NODE_SPIRONOLACTONE,NODE_PROPRANOLOL,SAME_THERAPEUTIC_CATEGORY,FDA Open Data Therapeutic Category,0.2,False,SIMILARITY
NODE_SPIRONOLACTONE,NODE_NEBIVOLOL,SAME_THERAPEUTIC_CATEGORY,FDA Open Data Therapeutic Category,0.2,False,SIMILARITY
NODE_SPIRONOLACTONE,NODE_BUMETANIDE,SAME_THERAPEUTIC_CATEGORY,FDA Open Data Therapeutic Category,0.2,False,SIMILARITY
NODE_SPIRONOLACTONE,NODE_DOBUTAMINE,SAME_THERAPEUTIC_CATEGORY,FDA Open Data Therapeutic Category,0.2,False,SIMILARITY
NODE_SPIRONOLACTONE,NODE_DOPAMINE,SAME_THERAPEUTIC_CATEGORY,FDA Open Data Therapeutic Category,0.2,False,SIMILARITY
NODE_VALSARTAN,NODE_DILTIAZEM,SAME_THERAPEUTIC_CATEGORY,FDA Open Data Therapeutic Category,0.2,False,SIMILARITY
NODE_VALSARTAN,NODE_VERAPAMIL,SAME_THERAPEUTIC_CATEGORY,FDA Open Data Therapeutic Category,0.2,False,SIMILARITY
NODE_VALSARTAN,NODE_PROPRANOLOL,SAME_THERAPEUTIC_CATEGORY,FDA Open Data Therapeutic Category,0.2,False,SIMILARITY
NODE_VALSARTAN,NODE_NEBIVOLOL,SAME_THERAPEUTIC_CATEGORY,FDA Open Data Therapeutic Category,0.2,False,SIMILARITY
NODE_VALSARTAN,NODE_BUMETANIDE,SAME_THERAPEUTIC_CATEGORY,FDA Open Data Therapeutic Category,0.2,False,SIMILARITY
NODE_VALSARTAN,NODE_DOBUTAMINE,SAME_THERAPEUTIC_CATEGORY,FDA Open Data Therapeutic Category,0.2,False,SIMILARITY
NODE_VALSARTAN,NODE_DOPAMINE,SAME_THERAPEUTIC_CATEGORY,FDA Open Data Therapeutic Category,0.2,False,SIMILARITY
NODE_DILTIAZEM,NODE_VERAPAMIL,SAME_THERAPEUTIC_CATEGORY,FDA Open Data Therapeutic Category,0.2,False,SIMILARITY
NODE_DILTIAZEM,NODE_PROPRANOLOL,SAME_THERAPEUTIC_CATEGORY,FDA Open Data Therapeutic Category,0.2,False,SIMILARITY
NODE_DILTIAZEM,NODE_NEBIVOLOL,SAME_THERAPEUTIC_CATEGORY,FDA Open Data Therapeutic Category,0.2,False,SIMILARITY
NODE_DILTIAZEM,NODE_BUMETANIDE,SAME_THERAPEUTIC_CATEGORY,FDA Open Data Therapeutic Category,0.2,False,SIMILARITY
NODE_DILTIAZEM,NODE_DOBUTAMINE,SAME_THERAPEUTIC_CATEGORY,FDA Open Data Therapeutic Category,0.2,False,SIMILARITY
NODE_DILTIAZEM,NODE_DOPAMINE,SAME_THERAPEUTIC_CATEGORY,FDA Open Data Therapeutic Category,0.2,False,SIMILARITY
NODE_VERAPAMIL,NODE_PROPRANOLOL,SAME_THERAPEUTIC_CATEGORY,FDA Open Data Therapeutic Category,0.2,False,SIMILARITY
NODE_VERAPAMIL,NODE_NEBIVOLOL,SAME_THERAPEUTIC_CATEGORY,FDA Open Data Therapeutic Category,0.2,False,SIMILARITY
NODE_VERAPAMIL,NODE_BUMETANIDE,SAME_THERAPEUTIC_CATEGORY,FDA Open Data Therapeutic Category,0.2,False,SIMILARITY
NODE_VERAPAMIL,NODE_DOBUTAMINE,SAME_THERAPEUTIC_CATEGORY,FDA Open Data Therapeutic Category,0.2,False,SIMILARITY
NODE_VERAPAMIL,NODE_DOPAMINE,SAME_THERAPEUTIC_CATEGORY,FDA Open Data Therapeutic Category,0.2,False,SIMILARITY
NODE_PROPRANOLOL,NODE_NEBIVOLOL,SAME_THERAPEUTIC_CATEGORY,FDA Open Data Therapeutic Category,0.2,False,SIMILARITY
NODE_PROPRANOLOL,NODE_BUMETANIDE,SAME_THERAPEUTIC_CATEGORY,FDA Open Data Therapeutic Category,0.2,False,SIMILARITY
NODE_PROPRANOLOL,NODE_DOBUTAMINE,SAME_THERAPEUTIC_CATEGORY,FDA Open Data Therapeutic Category,0.2,False,SIMILARITY
NODE_PROPRANOLOL,NODE_DOPAMINE,SAME_THERAPEUTIC_CATEGORY,FDA Open Data Therapeutic Category,0.2,False,SIMILARITY
NODE_NEBIVOLOL,NODE_BUMETANIDE,SAME_THERAPEUTIC_CATEGORY,FDA Open Data Therapeutic Category,0.2,False,SIMILARITY
NODE_NEBIVOLOL,NODE_DOBUTAMINE,SAME_THERAPEUTIC_CATEGORY,FDA Open Data Therapeutic Category,0.2,False,SIMILARITY
NODE_NEBIVOLOL,NODE_DOPAMINE,SAME_THERAPEUTIC_CATEGORY,FDA Open Data Therapeutic Category,0.2,False,SIMILARITY
NODE_BUMETANIDE,NODE_DOBUTAMINE,SAME_THERAPEUTIC_CATEGORY,FDA Open Data Therapeutic Category,0.2,False,SIMILARITY
NODE_BUMETANIDE,NODE_DOPAMINE,SAME_THERAPEUTIC_CATEGORY,FDA Open Data Therapeutic Category,0.2,False,SIMILARITY
NODE_DOBUTAMINE,NODE_DOPAMINE,SAME_THERAPEUTIC_CATEGORY,FDA Open Data Therapeutic Category,0.2,False,SIMILARITY
NODE_NITROGLYCERIN,NODE_HYDROCORTISONE,SAME_THERAPEUTIC_CATEGORY,FDA Open Data Therapeutic Category,0.2,False,SIMILARITY
NODE_NITROGLYCERIN,NODE_PROMETHAZINE,SAME_THERAPEUTIC_CATEGORY,FDA Open Data Therapeutic Category,0.2,False,SIMILARITY
NODE_NITROGLYCERIN,NODE_MORPHINE,SAME_THERAPEUTIC_CATEGORY,FDA Open Data Therapeutic Category,0.2,False,SIMILARITY
NODE_NITROGLYCERIN,NODE_FENTANYL,SAME_THERAPEUTIC_CATEGORY,FDA Open Data Therapeutic Category,0.2,False,SIMILARITY
NODE_NITROGLYCERIN,NODE_KETOROLAC,SAME_THERAPEUTIC_CATEGORY,FDA Open Data Therapeutic Category,0.2,False,SIMILARITY
NODE_NITROGLYCERIN,NODE_HYDROMORPHONE,SAME_THERAPEUTIC_CATEGORY,FDA Open Data Therapeutic Category,0.2,False,SIMILARITY
NODE_NITROGLYCERIN,NODE_MEPERIDINE,SAME_THERAPEUTIC_CATEGORY,FDA Open Data Therapeutic Category,0.2,False,SIMILARITY
NODE_HYDROCORTISONE,NODE_PROMETHAZINE,SAME_THERAPEUTIC_CATEGORY,FDA Open Data Therapeutic Category,0.2,False,SIMILARITY
NODE_HYDROCORTISONE,NODE_MORPHINE,SAME_THERAPEUTIC_CATEGORY,FDA Open Data Therapeutic Category,0.2,False,SIMILARITY
NODE_HYDROCORTISONE,NODE_FENTANYL,SAME_THERAPEUTIC_CATEGORY,FDA Open Data Therapeutic Category,0.2,False,SIMILARITY
NODE_HYDROCORTISONE,NODE_KETOROLAC,SAME_THERAPEUTIC_CATEGORY,FDA Open Data Therapeutic Category,0.2,False,SIMILARITY
NODE_HYDROCORTISONE,NODE_HYDROMORPHONE,SAME_THERAPEUTIC_CATEGORY,FDA Open Data Therapeutic Category,0.2,False,SIMILARITY
NODE_HYDROCORTISONE,NODE_MEPERIDINE,SAME_THERAPEUTIC_CATEGORY,FDA Open Data Therapeutic Category,0.2,False,SIMILARITY
NODE_PROMETHAZINE,NODE_MORPHINE,SAME_THERAPEUTIC_CATEGORY,FDA Open Data Therapeutic Category,0.2,False,SIMILARITY
NODE_PROMETHAZINE,NODE_FENTANYL,SAME_THERAPEUTIC_CATEGORY,FDA Open Data Therapeutic Category,0.2,False,SIMILARITY
NODE_PROMETHAZINE,NODE_KETOROLAC,SAME_THERAPEUTIC_CATEGORY,FDA Open Data Therapeutic Category,0.2,False,SIMILARITY
NODE_PROMETHAZINE,NODE_HYDROMORPHONE,SAME_THERAPEUTIC_CATEGORY,FDA Open Data Therapeutic Category,0.2,False,SIMILARITY
NODE_PROMETHAZINE,NODE_MEPERIDINE,SAME_THERAPEUTIC_CATEGORY,FDA Open Data Therapeutic Category,0.2,False,SIMILARITY
NODE_MORPHINE,NODE_FENTANYL,SAME_THERAPEUTIC_CATEGORY,FDA Open Data Therapeutic Category,0.2,False,SIMILARITY
NODE_MORPHINE,NODE_KETOROLAC,SAME_THERAPEUTIC_CATEGORY,FDA Open Data Therapeutic Category,0.2,False,SIMILARITY
NODE_MORPHINE,NODE_HYDROMORPHONE,SAME_THERAPEUTIC_CATEGORY,FDA Open Data Therapeutic Category,0.2,False,SIMILARITY
NODE_MORPHINE,NODE_MEPERIDINE,SAME_THERAPEUTIC_CATEGORY,FDA Open Data Therapeutic Category,0.2,False,SIMILARITY
NODE_FENTANYL,NODE_KETOROLAC,SAME_THERAPEUTIC_CATEGORY,FDA Open Data Therapeutic Category,0.2,False,SIMILARITY
NODE_FENTANYL,NODE_HYDROMORPHONE,SAME_THERAPEUTIC_CATEGORY,FDA Open Data Therapeutic Category,0.2,False,SIMILARITY
NODE_FENTANYL,NODE_MEPERIDINE,SAME_THERAPEUTIC_CATEGORY,FDA Open Data Therapeutic Category,0.2,False,SIMILARITY
NODE_KETOROLAC,NODE_HYDROMORPHONE,SAME_THERAPEUTIC_CATEGORY,FDA Open Data Therapeutic Category,0.2,False,SIMILARITY
NODE_KETOROLAC,NODE_MEPERIDINE,SAME_THERAPEUTIC_CATEGORY,FDA Open Data Therapeutic Category,0.2,False,SIMILARITY
NODE_HYDROMORPHONE,NODE_MEPERIDINE,SAME_THERAPEUTIC_CATEGORY,FDA Open Data Therapeutic Category,0.2,False,SIMILARITY
NODE_LORAZEPAM,NODE_CLONAZEPAM,SAME_THERAPEUTIC_CATEGORY,FDA Open Data Therapeutic Category,0.2,False,SIMILARITY
NODE_LORAZEPAM,NODE_LAMOTRIGINE,SAME_THERAPEUTIC_CATEGORY,FDA Open Data Therapeutic Category,0.2,False,SIMILARITY
NODE_LORAZEPAM,NODE_DONEPEZIL,SAME_THERAPEUTIC_CATEGORY,FDA Open Data Therapeutic Category,0.2,False,SIMILARITY
NODE_LORAZEPAM,NODE_RIVASTIGMINE,SAME_THERAPEUTIC_CATEGORY,FDA Open Data Therapeutic Category,0.2,False,SIMILARITY
NODE_LORAZEPAM,NODE_FROVATRIPTAN,SAME_THERAPEUTIC_CATEGORY,FDA Open Data Therapeutic Category,0.2,False,SIMILARITY
NODE_CLONAZEPAM,NODE_LAMOTRIGINE,SAME_THERAPEUTIC_CATEGORY,FDA Open Data Therapeutic Category,0.2,False,SIMILARITY
NODE_CLONAZEPAM,NODE_DONEPEZIL,SAME_THERAPEUTIC_CATEGORY,FDA Open Data Therapeutic Category,0.2,False,SIMILARITY
NODE_CLONAZEPAM,NODE_RIVASTIGMINE,SAME_THERAPEUTIC_CATEGORY,FDA Open Data Therapeutic Category,0.2,False,SIMILARITY
NODE_CLONAZEPAM,NODE_FROVATRIPTAN,SAME_THERAPEUTIC_CATEGORY,FDA Open Data Therapeutic Category,0.2,False,SIMILARITY
NODE_LAMOTRIGINE,NODE_DONEPEZIL,SAME_THERAPEUTIC_CATEGORY,FDA Open Data Therapeutic Category,0.2,False,SIMILARITY
NODE_LAMOTRIGINE,NODE_RIVASTIGMINE,SAME_THERAPEUTIC_CATEGORY,FDA Open Data Therapeutic Category,0.2,False,SIMILARITY
NODE_LAMOTRIGINE,NODE_FROVATRIPTAN,SAME_THERAPEUTIC_CATEGORY,FDA Open Data Therapeutic Category,0.2,False,SIMILARITY
NODE_DONEPEZIL,NODE_RIVASTIGMINE,SAME_THERAPEUTIC_CATEGORY,FDA Open Data Therapeutic Category,0.2,False,SIMILARITY
NODE_DONEPEZIL,NODE_FROVATRIPTAN,SAME_THERAPEUTIC_CATEGORY,FDA Open Data Therapeutic Category,0.2,False,SIMILARITY
NODE_RIVASTIGMINE,NODE_FROVATRIPTAN,SAME_THERAPEUTIC_CATEGORY,FDA Open Data Therapeutic Category,0.2,False,SIMILARITY
NODE_METHYLPHENIDATE,NODE_AMPHETAMINE,SAME_THERAPEUTIC_CATEGORY,FDA Open Data Therapeutic Category,0.2,False,SIMILARITY
NODE_METHYLPHENIDATE,NODE_HALOPERIDOL,SAME_THERAPEUTIC_CATEGORY,FDA Open Data Therapeutic Category,0.2,False,SIMILARITY
NODE_AMPHETAMINE,NODE_HALOPERIDOL,SAME_THERAPEUTIC_CATEGORY,FDA Open Data Therapeutic Category,0.2,False,SIMILARITY
NODE_SEMAGLUTIDE,NODE_INSULIN,SAME_THERAPEUTIC_CATEGORY,FDA Open Data Therapeutic Category,0.2,False,SIMILARITY
NODE_SEMAGLUTIDE,NODE_CALCITRIOL,SAME_THERAPEUTIC_CATEGORY,FDA Open Data Therapeutic Category,0.2,False,SIMILARITY
NODE_SEMAGLUTIDE,NODE_GLYBURIDE,SAME_THERAPEUTIC_CATEGORY,FDA Open Data Therapeutic Category,0.2,False,SIMILARITY
NODE_SEMAGLUTIDE,NODE_LIRAGLUTIDE,SAME_THERAPEUTIC_CATEGORY,FDA Open Data Therapeutic Category,0.2,False,SIMILARITY
NODE_SEMAGLUTIDE,NODE_POTASSIUM CHLORIDE,SAME_THERAPEUTIC_CATEGORY,FDA Open Data Therapeutic Category,0.2,False,SIMILARITY
NODE_INSULIN,NODE_CALCITRIOL,SAME_THERAPEUTIC_CATEGORY,FDA Open Data Therapeutic Category,0.2,False,SIMILARITY
NODE_INSULIN,NODE_GLYBURIDE,SAME_THERAPEUTIC_CATEGORY,FDA Open Data Therapeutic Category,0.2,False,SIMILARITY
NODE_INSULIN,NODE_LIRAGLUTIDE,SAME_THERAPEUTIC_CATEGORY,FDA Open Data Therapeutic Category,0.2,False,SIMILARITY
NODE_INSULIN,NODE_POTASSIUM CHLORIDE,SAME_THERAPEUTIC_CATEGORY,FDA Open Data Therapeutic Category,0.2,False,SIMILARITY
NODE_CALCITRIOL,NODE_GLYBURIDE,SAME_THERAPEUTIC_CATEGORY,FDA Open Data Therapeutic Category,0.2,False,SIMILARITY
NODE_CALCITRIOL,NODE_LIRAGLUTIDE,SAME_THERAPEUTIC_CATEGORY,FDA Open Data Therapeutic Category,0.2,False,SIMILARITY
NODE_CALCITRIOL,NODE_POTASSIUM CHLORIDE,SAME_THERAPEUTIC_CATEGORY,FDA Open Data Therapeutic Category,0.2,False,SIMILARITY
NODE_GLYBURIDE,NODE_LIRAGLUTIDE,SAME_THERAPEUTIC_CATEGORY,FDA Open Data Therapeutic Category,0.2,False,SIMILARITY
NODE_GLYBURIDE,NODE_POTASSIUM CHLORIDE,SAME_THERAPEUTIC_CATEGORY,FDA Open Data Therapeutic Category,0.2,False,SIMILARITY
NODE_LIRAGLUTIDE,NODE_POTASSIUM CHLORIDE,SAME_THERAPEUTIC_CATEGORY,FDA Open Data Therapeutic Category,0.2,False,SIMILARITY
NODE_METHYLPREDNISOLONE,NODE_LEFLUNOMIDE,SAME_THERAPEUTIC_CATEGORY,FDA Open Data Therapeutic Category,0.2,False,SIMILARITY
NODE_METHYLPREDNISOLONE,NODE_METHOTREXATE,SAME_THERAPEUTIC_CATEGORY,FDA Open Data Therapeutic Category,0.2,False,SIMILARITY
NODE_LEFLUNOMIDE,NODE_METHOTREXATE,SAME_THERAPEUTIC_CATEGORY,FDA Open Data Therapeutic Category,0.2,False,SIMILARITY
NODE_TRIAMCINOLONE,NODE_TRAVOPROST,SAME_THERAPEUTIC_CATEGORY,FDA Open Data Therapeutic Category,0.2,False,SIMILARITY
NODE_TRIAMCINOLONE,NODE_PILOCARPINE,SAME_THERAPEUTIC_CATEGORY,FDA Open Data Therapeutic Category,0.2,False,SIMILARITY
NODE_TRAVOPROST,NODE_PILOCARPINE,SAME_THERAPEUTIC_CATEGORY,FDA Open Data Therapeutic Category,0.2,False,SIMILARITY
NODE_OMEPRAZOLE,NODE_MESALAMINE,SAME_THERAPEUTIC_CATEGORY,FDA Open Data Therapeutic Category,0.2,False,SIMILARITY
NODE_OMEPRAZOLE,NODE_PALONOSETRON,SAME_THERAPEUTIC_CATEGORY,FDA Open Data Therapeutic Category,0.2,False,SIMILARITY
NODE_OMEPRAZOLE,NODE_APREPITANT,SAME_THERAPEUTIC_CATEGORY,FDA Open Data Therapeutic Category,0.2,False,SIMILARITY
NODE_OMEPRAZOLE,NODE_SODIUM PHOSPHATE,SAME_THERAPEUTIC_CATEGORY,FDA Open Data Therapeutic Category,0.2,False,SIMILARITY
NODE_OMEPRAZOLE,NODE_SODIUM BICARBONATE,SAME_THERAPEUTIC_CATEGORY,FDA Open Data Therapeutic Category,0.2,False,SIMILARITY
NODE_MESALAMINE,NODE_PALONOSETRON,SAME_THERAPEUTIC_CATEGORY,FDA Open Data Therapeutic Category,0.2,False,SIMILARITY
NODE_MESALAMINE,NODE_APREPITANT,SAME_THERAPEUTIC_CATEGORY,FDA Open Data Therapeutic Category,0.2,False,SIMILARITY
NODE_MESALAMINE,NODE_SODIUM PHOSPHATE,SAME_THERAPEUTIC_CATEGORY,FDA Open Data Therapeutic Category,0.2,False,SIMILARITY
NODE_MESALAMINE,NODE_SODIUM BICARBONATE,SAME_THERAPEUTIC_CATEGORY,FDA Open Data Therapeutic Category,0.2,False,SIMILARITY
NODE_PALONOSETRON,NODE_APREPITANT,SAME_THERAPEUTIC_CATEGORY,FDA Open Data Therapeutic Category,0.2,False,SIMILARITY
NODE_PALONOSETRON,NODE_SODIUM PHOSPHATE,SAME_THERAPEUTIC_CATEGORY,FDA Open Data Therapeutic Category,0.2,False,SIMILARITY
NODE_PALONOSETRON,NODE_SODIUM BICARBONATE,SAME_THERAPEUTIC_CATEGORY,FDA Open Data Therapeutic Category,0.2,False,SIMILARITY
NODE_APREPITANT,NODE_SODIUM PHOSPHATE,SAME_THERAPEUTIC_CATEGORY,FDA Open Data Therapeutic Category,0.2,False,SIMILARITY
NODE_APREPITANT,NODE_SODIUM BICARBONATE,SAME_THERAPEUTIC_CATEGORY,FDA Open Data Therapeutic Category,0.2,False,SIMILARITY
NODE_SODIUM PHOSPHATE,NODE_SODIUM BICARBONATE,SAME_THERAPEUTIC_CATEGORY,FDA Open Data Therapeutic Category,0.2,False,SIMILARITY
NODE_GLYCOPYRROLATE,NODE_ATROPINE,SAME_THERAPEUTIC_CATEGORY,FDA Open Data Therapeutic Category,0.2,False,SIMILARITY
NODE_MONTELUKAST,NODE_FLUTICASONE,SAME_THERAPEUTIC_CATEGORY,FDA Open Data Therapeutic Category,0.2,False,SIMILARITY
NODE_MONTELUKAST,NODE_CROMOLYN,SAME_THERAPEUTIC_CATEGORY,FDA Open Data Therapeutic Category,0.2,False,SIMILARITY
NODE_FLUTICASONE,NODE_CROMOLYN,SAME_THERAPEUTIC_CATEGORY,FDA Open Data Therapeutic Category,0.2,False,SIMILARITY
NODE_ALLOPURINOL,NODE_CARBOPLATIN,SAME_THERAPEUTIC_CATEGORY,FDA Open Data Therapeutic Category,0.2,False,SIMILARITY
NODE_ALLOPURINOL,NODE_DOCETAXEL,SAME_THERAPEUTIC_CATEGORY,FDA Open Data Therapeutic Category,0.2,False,SIMILARITY
NODE_ALLOPURINOL,NODE_FULVESTRANT,SAME_THERAPEUTIC_CATEGORY,FDA Open Data Therapeutic Category,0.2,False,SIMILARITY
NODE_CARBOPLATIN,NODE_DOCETAXEL,SAME_THERAPEUTIC_CATEGORY,FDA Open Data Therapeutic Category,0.2,False,SIMILARITY
NODE_CARBOPLATIN,NODE_FULVESTRANT,SAME_THERAPEUTIC_CATEGORY,FDA Open Data Therapeutic Category,0.2,False,SIMILARITY
NODE_DOCETAXEL,NODE_FULVESTRANT,SAME_THERAPEUTIC_CATEGORY,FDA Open Data Therapeutic Category,0.2,False,SIMILARITY
NODE_HEPARIN,NODE_FONDAPARINUX,SAME_THERAPEUTIC_CATEGORY,FDA Open Data Therapeutic Category,0.2,False,SIMILARITY
